-- MySQL dump 10.13  Distrib 8.0.37, for Linux (x86_64)
--
-- Host: localhost    Database: holomia_website
-- ------------------------------------------------------
-- Server version	8.0.37-0ubuntu0.22.04.3

/*!40101 SET @OLD_CHARACTER_SET_CLIENT=@@CHARACTER_SET_CLIENT */;
/*!40101 SET @OLD_CHARACTER_SET_RESULTS=@@CHARACTER_SET_RESULTS */;
/*!40101 SET @OLD_COLLATION_CONNECTION=@@COLLATION_CONNECTION */;
/*!50503 SET NAMES utf8mb4 */;
/*!40103 SET @OLD_TIME_ZONE=@@TIME_ZONE */;
/*!40103 SET TIME_ZONE='+00:00' */;
/*!40014 SET @OLD_UNIQUE_CHECKS=@@UNIQUE_CHECKS, UNIQUE_CHECKS=0 */;
/*!40014 SET @OLD_FOREIGN_KEY_CHECKS=@@FOREIGN_KEY_CHECKS, FOREIGN_KEY_CHECKS=0 */;
/*!40101 SET @OLD_SQL_MODE=@@SQL_MODE, SQL_MODE='NO_AUTO_VALUE_ON_ZERO' */;
/*!40111 SET @OLD_SQL_NOTES=@@SQL_NOTES, SQL_NOTES=0 */;

--
-- Table structure for table `category_contents`
--

DROP TABLE IF EXISTS `category_contents`;
/*!40101 SET @saved_cs_client     = @@character_set_client */;
/*!50503 SET character_set_client = utf8mb4 */;
CREATE TABLE `category_contents` (
  `id` bigint unsigned NOT NULL AUTO_INCREMENT,
  `title` varchar(255) CHARACTER SET utf8mb4 COLLATE utf8mb4_unicode_ci NOT NULL,
  `id_priority` int DEFAULT NULL,
  `section_id` int unsigned DEFAULT NULL,
  `created_at` timestamp NULL DEFAULT NULL,
  `updated_at` timestamp NULL DEFAULT NULL,
  PRIMARY KEY (`id`),
  KEY `category_contents_section_id_foreign` (`section_id`),
  CONSTRAINT `category_contents_section_id_foreign` FOREIGN KEY (`section_id`) REFERENCES `sections` (`id`) ON DELETE CASCADE
) ENGINE=InnoDB DEFAULT CHARSET=utf8mb4 COLLATE=utf8mb4_unicode_ci;
/*!40101 SET character_set_client = @saved_cs_client */;

--
-- Dumping data for table `category_contents`
--

LOCK TABLES `category_contents` WRITE;
/*!40000 ALTER TABLE `category_contents` DISABLE KEYS */;
/*!40000 ALTER TABLE `category_contents` ENABLE KEYS */;
UNLOCK TABLES;

--
-- Table structure for table `category_holo360`
--

DROP TABLE IF EXISTS `category_holo360`;
/*!40101 SET @saved_cs_client     = @@character_set_client */;
/*!50503 SET character_set_client = utf8mb4 */;
CREATE TABLE `category_holo360` (
  `id` bigint unsigned NOT NULL AUTO_INCREMENT,
  `name` varchar(255) CHARACTER SET utf8mb4 COLLATE utf8mb4_unicode_ci DEFAULT NULL,
  `slug` varchar(255) CHARACTER SET utf8mb4 COLLATE utf8mb4_unicode_ci DEFAULT NULL,
  `image` varchar(255) CHARACTER SET utf8mb4 COLLATE utf8mb4_unicode_ci DEFAULT NULL,
  `content` longtext CHARACTER SET utf8mb4 COLLATE utf8mb4_unicode_ci,
  `id_priority` int DEFAULT NULL,
  `created_at` timestamp NULL DEFAULT NULL,
  `updated_at` timestamp NULL DEFAULT NULL,
  PRIMARY KEY (`id`)
) ENGINE=InnoDB AUTO_INCREMENT=5 DEFAULT CHARSET=utf8mb4 COLLATE=utf8mb4_unicode_ci;
/*!40101 SET character_set_client = @saved_cs_client */;

--
-- Dumping data for table `category_holo360`
--

LOCK TABLES `category_holo360` WRITE;
/*!40000 ALTER TABLE `category_holo360` DISABLE KEYS */;
INSERT INTO `category_holo360` VALUES (1,'Tour 360','tour-360','images/contents/1686365414-1677120911gqqicxdyecpng.png','Holomia is a virtual reality platform for entertainment and education. Users will be immersed in the virtual world with unique and impressive experiences.\r\nour story',NULL,'2023-06-09 02:56:51','2023-06-09 19:50:42'),(2,'Tour VR','tour-vr','images/contents/1686365420-336522407-1210246092881630-4007925521119132651-npng.png','Holomia connects people in the virtual space. You will easily organize workshops, classes or product exhibitions in a virtual environment that is no longer limited in space and time.',NULL,'2023-06-09 02:57:11','2023-06-09 19:50:20'),(3,'Expo','expo','images/contents/1686365405-imagepng.png','Holomia connects people in the virtual space. You will easily organize workshops, classes or product exhibitions in a virtual environment that is no longer limited in space and time.',NULL,'2023-06-09 02:57:28','2023-06-09 19:50:05'),(4,'OutSource','outsource','images/contents/1686365396-thumbjpg.jpg','Saas',NULL,'2023-06-09 19:39:58','2023-06-09 19:49:56');
/*!40000 ALTER TABLE `category_holo360` ENABLE KEYS */;
UNLOCK TABLES;

--
-- Table structure for table `category_news`
--

DROP TABLE IF EXISTS `category_news`;
/*!40101 SET @saved_cs_client     = @@character_set_client */;
/*!50503 SET character_set_client = utf8mb4 */;
CREATE TABLE `category_news` (
  `id` int unsigned NOT NULL AUTO_INCREMENT,
  `name` varchar(255) CHARACTER SET utf8mb4 COLLATE utf8mb4_unicode_ci DEFAULT NULL,
  `slug` varchar(255) CHARACTER SET utf8mb4 COLLATE utf8mb4_unicode_ci DEFAULT NULL,
  `created_at` timestamp NULL DEFAULT NULL,
  `updated_at` timestamp NULL DEFAULT NULL,
  PRIMARY KEY (`id`)
) ENGINE=InnoDB AUTO_INCREMENT=2 DEFAULT CHARSET=utf8mb4 COLLATE=utf8mb4_unicode_ci;
/*!40101 SET character_set_client = @saved_cs_client */;

--
-- Dumping data for table `category_news`
--

LOCK TABLES `category_news` WRITE;
/*!40000 ALTER TABLE `category_news` DISABLE KEYS */;
INSERT INTO `category_news` VALUES (1,'tin tuc','tin-tuc','2024-04-17 00:42:05','2024-04-17 00:42:05');
/*!40000 ALTER TABLE `category_news` ENABLE KEYS */;
UNLOCK TABLES;

--
-- Table structure for table `consulations`
--

DROP TABLE IF EXISTS `consulations`;
/*!40101 SET @saved_cs_client     = @@character_set_client */;
/*!50503 SET character_set_client = utf8mb4 */;
CREATE TABLE `consulations` (
  `id` bigint unsigned NOT NULL AUTO_INCREMENT,
  `name` varchar(255) CHARACTER SET utf8mb4 COLLATE utf8mb4_unicode_ci DEFAULT NULL,
  `phone` varchar(255) CHARACTER SET utf8mb4 COLLATE utf8mb4_unicode_ci DEFAULT NULL,
  `description` longtext CHARACTER SET utf8mb4 COLLATE utf8mb4_unicode_ci,
  `courses_id` bigint unsigned DEFAULT NULL,
  `created_at` timestamp NULL DEFAULT NULL,
  `updated_at` timestamp NULL DEFAULT NULL,
  PRIMARY KEY (`id`)
) ENGINE=InnoDB DEFAULT CHARSET=utf8mb4 COLLATE=utf8mb4_unicode_ci;
/*!40101 SET character_set_client = @saved_cs_client */;

--
-- Dumping data for table `consulations`
--

LOCK TABLES `consulations` WRITE;
/*!40000 ALTER TABLE `consulations` DISABLE KEYS */;
/*!40000 ALTER TABLE `consulations` ENABLE KEYS */;
UNLOCK TABLES;

--
-- Table structure for table `contacts`
--

DROP TABLE IF EXISTS `contacts`;
/*!40101 SET @saved_cs_client     = @@character_set_client */;
/*!50503 SET character_set_client = utf8mb4 */;
CREATE TABLE `contacts` (
  `id` bigint unsigned NOT NULL AUTO_INCREMENT,
  `name` varchar(255) CHARACTER SET utf8mb4 COLLATE utf8mb4_unicode_ci DEFAULT NULL,
  `email` varchar(255) CHARACTER SET utf8mb4 COLLATE utf8mb4_unicode_ci DEFAULT NULL,
  `phone` varchar(255) CHARACTER SET utf8mb4 COLLATE utf8mb4_unicode_ci DEFAULT NULL,
  `message` text CHARACTER SET utf8mb4 COLLATE utf8mb4_unicode_ci,
  `created_at` timestamp NULL DEFAULT NULL,
  `updated_at` timestamp NULL DEFAULT NULL,
  PRIMARY KEY (`id`)
) ENGINE=InnoDB AUTO_INCREMENT=77 DEFAULT CHARSET=utf8mb4 COLLATE=utf8mb4_unicode_ci;
/*!40101 SET character_set_client = @saved_cs_client */;

--
-- Dumping data for table `contacts`
--

LOCK TABLES `contacts` WRITE;
/*!40000 ALTER TABLE `contacts` DISABLE KEYS */;
INSERT INTO `contacts` VALUES (1,'Emily Jones','emilyjones2250@gmail.com','3584618329','Hi there,\r\n\r\nWe run a YouTube growth service, which increases your number of subscribers both safely and practically. \r\n\r\n- We guarantee to gain you 700-1500+ subscribers per month.\r\n- People subscribe because they are interested in your channel/videos, increasing likes, comments and interaction.\r\n- All actions are made manually by our team. We do not use any \'bots\'.\r\n\r\nThe price is just $60 (USD) per month, and we can start immediately.\r\n\r\nIf you have any questions, let me know, and we can discuss further.\r\n\r\nKind Regards,\r\nEmily','2024-06-27 07:08:29','2024-06-27 07:08:29'),(2,'Bryanitall','ki.rillchemax987@gmail.com','84434546238','301 Moved Permanently \r\nhttps://samigotovte.ru/ - More info...','2024-06-27 07:55:17','2024-06-27 07:55:17'),(3,'Margarito Huntingfield','margarito.huntingfield74@msn.com','474782446','Rising business expenses are starting to take a toll on small business owners.\r\n\r\nYou are not alone. It\'s affecting every industry.\r\n\r\nOne way to give yourself some breathing room is to obtain enough working capital to bridge you through the tough times. \r\n\r\nGet a no obligation working capital quote in less than 2 minutes. \r\n\r\n** USA Based Businesses Only! **\r\n\r\nContact me below for details\r\n\r\nElizabeth Miller\r\nelizabeth.miller@helloratesfastfunding.com\r\nhttps://www.helloratesfastfunding.com','2024-06-27 09:55:30','2024-06-27 09:55:30'),(4,'Romeo Hamilton','romeo.hamilton88@gmail.com','(08) 9079 9350','Work From Home With This...You Will Never Look Back\r\n$500+ per day, 100% Free Training, go here:\r\n\r\nezwayto1000aday.com','2024-06-27 14:47:37','2024-06-27 14:47:37'),(5,'MichaelAgope','sukina.nat.as.u@gmail.com','83218254972','Nuôi capybara dễ thương của bạn trong trò chơi này trong telegram và nhận tiền thật cho nó              https://tinyurl.com/5bhfrnj9','2024-06-27 15:27:59','2024-06-27 15:27:59'),(6,'Johan Fourie','johan@pcxgroup.com','697864234','Hello holomia.com\r\n\r\nWe noticed your website holomia.com doesn\'t have a Mobile App for iOS and Android.\r\n\r\nWe are building Android and iOS Apps for $99 each a combo deal of $149 for both\r\n\r\nYou can get a free preview on PCXLeads or email us back and we will send you a mockup for your apps.\r\n\r\nThis promo is valid till end of June 2024.\r\n\r\nRegards,\r\nPCXLeads','2024-06-27 17:34:13','2024-06-27 17:34:13'),(7,'Eric Jones','ericjonesmyemail@gmail.com','555-555-1212','Hello,\r\n\r\nMy name is Eric and unlike a lot of emails you might get, I wanted to instead provide you with a word of encouragement – Congratulations\r\n\r\nWhat for?  \r\n\r\nPart of my job is to check out websites and the work you’ve done with holomia.com Webmaster definitely stands out. \r\n\r\nIt’s clear you took building a website seriously and made a real investment of time and resources into making it top quality.\r\n\r\nThere is, however, a catch… more accurately, a question…\r\n\r\nSo when someone like me happens to find your site – maybe at the top of the search results (nice job BTW) or just through a random link, how do you know? \r\n\r\nMore importantly, how do you make a connection with that person?\r\n\r\nStudies show that 7 out of 10 visitors don’t stick around – they’re there one second and then gone with the wind.\r\n\r\nHere’s a way to create INSTANT engagement that you may not have known about… \r\n\r\nWeb Visitor is a software widget that’s works on your site, ready to capture any visitor’s Name, Email address and Phone Number.  It lets you know INSTANTLY that they’re interested – so that you can talk to that lead while they’re literally checking out holomia.com.\r\n\r\nCLICK HERE http://rushleadgeneration.com to try out a Live Demo with Web Visitor now to see exactly how it works.\r\n\r\nIt could be a game-changer for your business – and it gets even better… once you’ve captured their phone number, with our new SMS Text With Lead feature, you can automatically start a text (SMS) conversation – immediately (and there’s literally a 100X difference between contacting someone within 5 minutes versus 30 minutes.)\r\n\r\nPlus then, even if you don’t close a deal right away, you can connect later on with text messages for new offers, content links, even just follow up notes to build a relationship.\r\n\r\nEverything I’ve just described is simple, easy, and effective. \r\n\r\nCLICK HERE http://rushleadgeneration.com to discover what Web Visitor can do for your business.\r\n\r\nYou could be converting up to 100X more leads today!\r\n\r\nEric\r\nPS: Web Visitor offers a FREE 14 days trial – and it even includes International Long Distance Calling. \r\nYou have customers waiting to talk with you right now… don’t keep them waiting. \r\nCLICK HERE http://rushleadgeneration.com to try Web Visitor now.\r\n\r\nIf you\'d like to unsubscribe click here http://rushleadgeneration.com/unsubscribe.aspx?d=holomia.com','2024-06-27 17:48:08','2024-06-27 17:48:08'),(8,'Arthurfex','stabtopa1990@mail.ru','84356414923','Plant-based ultraprocessed foods linked to heart disease, early death, study says \r\nhttps://kraken-17.at \r\nkraken14.at \r\nWant to reduce your risk of developing chronic disease and live longer while also helping the planet? Eat a plant-based diet, experts say. \r\n \r\nDoes that mean you can fill your plate with boxed macaroni and cheese, deep-dish frozen veggie pizza or fast-food French fries and have a doughnut or three for dessert? \r\n<a href=https://krakena17.at>kraken14.at</a> \r\nWhile all of those ultraprocessed choices may be meat-free, they are not without risk, said Duane Mellor, a registered dietitian and senior teaching fellow at Aston Medical School in Birmingham, United Kingdom. \r\n“We can’t always assume plant-based means healthy, as after all sugar is plant-based,” Mellor said in a statement. “Many foods that do not contain animal products, which includes biscuits, crisps, confectionary and soft drinks, are technically plant-based but would not be considered essential as part of a healthy diet by the majority of people.” \r\n \r\nIn fact, eating such plant-based junk foods dramatically raises bad cholesterol and hypertension and can lead to associated heart disease and early death, according to a new study authors call “the first” to show ultraprocessed plant foods are associated with an increase in the risk of cardiovascular diseases. \r\nhttps://kpaken17.at \r\nkraken14.at \r\n“Eating plant-based products can be beneficial, acting as protection against health problems, or it can represent a risk — it all depends on the level of processing of these foods,” said senior study author Renata Levy, a researcher in the Epidemiological Research Center in Nutrition and Health at the University of Sao Paulo, known as Nupens/USP, in Brazil. \r\n \r\nUltraprocessed foods undergo multiple industrial processes, such as heating, fracking of nutrients and proteins, molding and compression, and have added chemicals to cosmetically alter color, smell, taste and texture. Foods in this category are formulated to be hyper-palatable to human taste buds and are often extremely convenient, requiring little to no preparation time.','2024-06-27 19:31:35','2024-06-27 19:31:35'),(9,'Rodney Boone','aipilot@keydollar.xyz','53 225 04 40','If you have ever used ChatGPT\r\n\r\nIt will shock you to know that  ChatGPT acts only on outdated 2021 data (contents, designs, funnels nor does it creates a website )\r\n\r\nThat\'s why smart marketers don\'t use it again...\r\n\r\nBut here is a 100x perfect solution. <<< No Monthly Fee: https://www.keydollar.xyz/aipilot \r\n\r\nAI Pilot is the first AI assistant with 85+ Chatbots that works for you.\r\n\r\nAnything generated is Fresh from scratch… Not used by anyone.\r\n\r\nAnd this is why making 6 to 7 figures in your business will be super easy\r\n\r\nHere are some of AI Pilot Features;\r\n\r\nGenerates Content, Codes and Chatbots\r\nGenerates Social Proofs\r\nCreate Websites, Landing Page and Designs\r\nGenerates AI Flipbooks\r\nGenerates Human-like Voiceovers\r\nInteractive Element\r\nCreate Funnels\r\nGenerates Business Cards\r\n\r\nGenerates 3D Models and Videos\r\nAnd Much More.\r\n\r\n>>Click here to secure your access to this ever-green app, AI Pilot: https://www.keydollar.xyz/aipilot \r\n\r\nIt’s time for you to stop spending money on hiring freelancers without making a profit.\r\n\r\nEven if you don’t know shit about marketing AI Pilot is the best place to start to profit HUGE consistently.\r\n\r\n>>See Proof here: https://www.keydollar.xyz/aipilot \r\n\r\nThe best part is;\r\n\r\nYou can customize the AI Pilot App to transform your thoughts into reality,\r\n\r\nAnd this will catapult your business to the next level…\r\n\r\nWe are making over $542.43 per day with this system … you too can.\r\n\r\n>>Click here to secure your access to this ever-green app, AI Pilot: https://www.keydollar.xyz/aipilot \r\n\r\nRodney Boone\r\n\r\n\r\nUNSUBSCRIBE: https://www.keydollar.xyz/unsubscribe/?d=holomia.com  \r\nAddress: 1244 Cunningham Court\r\nWestland, MI 48185','2024-06-27 20:42:01','2024-06-27 20:42:01'),(10,'Jannes Welman','jannes@pcxgroup.com','719298285','Hello holomia.com\r\n\r\nWe noticed your website holomia.com doesn\'t have a Mobile App for iOS and Android.\r\n\r\nWe are building Android and iOS Apps for $99 each a combo deal of $149 for both\r\n\r\nYou can get a free preview on PCXLeads or email us back and we will send you a mockup for your apps.\r\n\r\nThis promo is valid till end of June 2024.\r\n\r\nRegards,\r\nPCXLeads','2024-06-27 22:42:36','2024-06-27 22:42:36'),(11,'LavillMoG','revers10@1ti.ru','82894618151','<a href=https://industrie24.ro/catalog/trane/id7803833_coi1943e>coi1943e 1833 trane 7803833 </a> \r\nTegs: <u>Inpipe 9308 </u> \r\n<i>OSIP Pump 10097 </i> \r\n<b>KISSLING 903 </b> \r\n \r\noil0060e 1833 trane 7786685  https://industrie24.ro/catalog/trane/id7786685_oil0060e','2024-06-28 01:05:37','2024-06-28 01:05:37'),(12,'WayneTep','soticowa198440@rambler.ru','84661473214','В Германии допустили использование Украиной Patriot против авиации в России \r\n<a href=https://vk5tor.at>kraken2trfqodidvlh4aa337cpzfrhdlfldhve5nf7njhumwr7instad.onion </a> \r\nВ пятницу официальный представитель кабинета министров Вольфганг Бюхнер подтвердил решение Берлина разрешить Киеву использовать немецкое оружие по позициям на российской территории близ Харьковской области. Он заверил журналистов, что Германия в качестве поставщика оружия Украине не станет стороной конфликта. \r\nkraken \r\nhttps://2krm.me','2024-06-28 04:44:57','2024-06-28 04:44:57'),(13,'Carolyn Gutierrez','tuberankjeet@actionnow.xyz','033 242 20 50','Hi,\r\n\r\nNishamadhulika is a legendary YouTuber.  She’s actually the topmost creator in the recipes niche with over 14.4 million subscribers.  That’s a crazy amount of success and she did it all by herself.\r\n\r\nWell nearly, cause she swears by Tuberank Jeet, her favorite YouTube SEO tool for over 10 years now.\r\n\r\nShe’s also the top advisor and user of Tuberank Jeet who has actively helped the app become better by getting new features and ideas built.\r\n\r\nAnd guess what!  The latest and greatest version of Tuberank Jeet just went live and it’s got a killer AI update: https://www.actionnow.xyz/tuberankjeet .\r\n\r\n⭐Create high-value titles, descriptions and optimizations for your videos using AI.\r\n⭐Find perfect keywords, hashtags and targeting.\r\n⭐Repurpose the ready research done by your competition to fuel your own channel.\r\n⭐Research your niche and get the best topic ideas to grow your channel faster.\r\n⭐Do your entire YouTube optimization in one-click with AI.\r\n\r\nThe new Tuberank Jeet is better than ever and it’s your ticket to climb up in YouTube ranking even if you have no knowledge of YouTube marketing or SEO.\r\n\r\nNow on a lifetime sale!  Get Nishamadhulika’s favorite YouTube SEO app and make the success yours.\r\n\r\nGet it here.\r\n\r\n: https://www.actionnow.xyz/tuberankjeet \r\n\r\nImportant : The price is rising every few hours\r\n\r\nYou can grab it for a one-time price right now.  No need to pay ever again.  You get full access to all features with all future upgrades, no future costs!\r\n\r\nThe price is going up regularly.  If you get it now you’ll get it at the best price its ever going to be.  The longer you wait, the more expensive it becomes.\r\n\r\nDon’t wait any longer, check it out and pick it up.  You are absolutely protected from risk because Tuberank Jeet comes with a 30 day refund guarantee.  If you are not absolutely blown away by it then you get a full refund.\r\n\r\nCheck it out right now: https://www.actionnow.xyz/tuberankjeet .\r\n\r\nCheers!\r\nCarolyn Gutierrez\r\n\r\n\r\n\r\nUNSUBSCRIBE: https://www.actionnow.xyz/unsubscribe/?d=holomia.com  \r\nAddress: 2295 Robinson Court\r\nGrayling, MI 49738','2024-06-28 08:52:33','2024-06-28 08:52:33'),(14,'Amandabeisuslyc','amandalaksfapea@gmail.com','88357256544','Này em yêu, muốn đi chơi không? -  https://is.gd/2xVU7z?ionigue','2024-06-28 09:11:52','2024-06-28 09:11:52'),(15,'Evelynhaurf','inet4747@outlook.com','83378243198','<a href=https://pint77.com> Pinterest advertising for the USA and English-speaking countries. Etsy, amazon, shopify, ebay</a>','2024-06-28 12:41:00','2024-06-28 12:41:00'),(16,'RichardLayex','richardRow@gmail.com','87414674452','Generic brand V?agra at $0.20 per pill with no a doctor\'s prescription. \r\nAlso, a further 5% price reduction by applying the coupon \'RXMED69\' ! \r\nFind the coupon \'RXMED69\' in Google to find the website in which you can apply it. \r\nPerform a speedy, confidential purchase. \r\nHome shipping offered. \r\nOur customer service is available to help with your inquiries.','2024-06-28 13:36:20','2024-06-28 13:36:20'),(17,'Mike Miln','mikeDiunc@gmail.com','87426374691','Hi there, \r\n \r\nI have reviewed your domain in MOZ and have observed that you may benefit from an increase in authority. \r\n \r\nOur solution guarantees you a high-quality domain authority score within a period of three months. This will increase your organic visibility and strengthen your website authority, thus making it stronger against Google updates. \r\n \r\nCheck out our deals for more details. \r\nhttps://www.monkeydigital.co/domain-authority-plan/ \r\n \r\n \r\nThanks and regards \r\nMike Miln\r\n \r\nMonkey Digital \r\nhttps://www.monkeydigital.co/whatsapp-us/','2024-06-28 20:10:55','2024-06-28 20:10:55'),(18,'Amie Meeks','amie.meeks@gmail.com','6744375566','Vetted Businesses close 60% more leads due to elevated trust, transparency & credibility.\r\nStart Your 30 Day Free Trial & and see results for yourself!\r\nGet more info linked in my signature below. \r\nUSA Businesses Only\r\n\r\nSarah McCormick\r\nVetted Business Specialist\r\n295 Seven Farms Drive Suite C-201\r\nCharleston, SC 29492\r\nSarah.McCormick@VettedPros.com\r\nhttps://vettedpros.com/1-2/?a=Get-Your-Vetted-30-DAY-FREE-TRIAL! \r\n\r\nVetted is a game changing platform used by over 85,000 USA based businesses to share & prove their business credentials to amplify trust & transparency with shoppers and close up to 60% more sales than businesses not listed on the Vetted platform.','2024-06-28 23:17:44','2024-06-28 23:17:44'),(19,'lCgUQGfjdwctAO','hamptoorle29@gmail.com','3663851309','OvPYBRqFWD','2024-06-29 01:26:02','2024-06-29 01:26:02'),(20,'myrnawu16','na6@uri8910.azo96.mailsecurenet.online','87628638441','The 10 hottest onlyfans girls meet the sexiest onlyfans girls\r\nhttp://lesbianentertainmentnews-sxsynew.amandahot.com/?kassandra-erika\r\n\r\n gay free exciting porn drawn together toon porn porn assfucking pussy eating lesbian porn pics porns miss carlotta','2024-06-29 07:10:58','2024-06-29 07:10:58'),(21,'Pieternel','ttchbwppth.j@silesia.life','850-661-35-41','Pieternel Baggenstos','2024-06-29 11:04:51','2024-06-29 11:04:51'),(22,'Bob','jimersonbob6@gmail.com','2854803400','Hi, I did a free marketing video for your website, is this a good place to send it?\r\nPlease fill out your info here if so: https://freevideoservice.com/','2024-06-29 13:51:10','2024-06-29 13:51:10'),(23,'Mike Moore','mikemalats@gmail.com','87197351191','Hi there, \r\n \r\nMy name is Mike from Monkey Digital, \r\n \r\nAllow me to present to you a lifetime revenue opportunity of 35% \r\nThat\'s right, you can earn 35% of every order made by your affiliate for life. \r\n \r\nSimply register with us, generate your affiliate links, and incorporate them on your website, and you are done. It takes only 5 minutes to set up everything, and the payouts are sent each month. \r\n \r\nClick here to enroll with us today: \r\nhttps://www.monkeydigital.co/join-affiliates/ \r\n \r\nThink about it, \r\nEvery website owner requires the use of search engine optimization (SEO) for their website. This endeavor holds significant potential for both parties involved. \r\n \r\nThanks and regards \r\nMike Moore\r\n \r\nMonkey Digital \r\nhttps://www.monkeydigital.co/whatsapp-affiliates/','2024-06-29 16:49:10','2024-06-29 16:49:10'),(24,'Roberteraks','huffinghui@mail.ro.com','82731928637','<a href=https://gates-of-olympus-1000.fun/>Gates of Olympus 1000 на реальные деньги</a>','2024-06-29 17:36:26','2024-06-29 17:36:26'),(25,'XosIVkLrgE','mitaxebandilis@gmail.com','84328555244','All time cool 000*** holomia.com','2024-06-29 18:54:44','2024-06-29 18:54:44'),(26,'RandyWah','newcakematt198021@rambler.ru','83658445531','ДОНЕЦК, 2 июн — РИА Новости. В Николаевской области нанесли удар по винзаводу \"Оливия\", на котором базировались украинские военные, сообщил РИА Новости координатор местного подполья Сергей Лебедев. \r\n<a href=https://kraken19-at.net>kraken19.at</a> \r\n\"Около двух часов ночи серия из пяти ударов пришлась по винзаводу в Парутино <…>, на территории винзавода расположились военные со своей техникой и боекомплектом <…> По данным нашей агентуры, в районе Парутино часто слышна и видна работа HIMARS, который запускает дальнобойные ракеты в сторону Херсонской области и, возможно, на Крым\", — сказал собеседник агентства. \r\nkraken17.at \r\nhttps://kraken12-at.com','2024-06-29 22:05:13','2024-06-29 22:05:13'),(27,'Sara Farmer','gptreels@vauleonline.co','071 959 24 23','Hi there,\r\n\r\nDid you get your copy of GPT Reels (With a Commercial + Agency License yet)?\r\n\r\nIf not yet, then this is your final and last chance to get GPT Reels at a 1-Time Price.\r\n\r\n=> Click Here & Grab This Now Before it goes RECURRING : https://www.vauleonline.co/gptreels \r\n\r\nNever run out of high quality pro video reels.\r\n\r\nLet AI create unlimited video reels in a flash.\r\n\r\nGPT Reels does ALL the Heavy Lifting by:\r\nCreating Ideas and scripts\r\nUsing its Built-In Storyboarding Feature\r\nFinding relevant images & video\r\nAdding animations & music\r\nAdd epic voice overs\r\nVia 100\'s of DFY templates or building from scratch...\r\n\r\n==>> Click Here To Grab GPT Reels + MY Bonuses: https://www.vauleonline.co/gptreels \r\n\r\nNote: This is turning into monthly recurring very soon.\r\n\r\nRegards,\r\nSara Farmer\r\n\r\n\r\nUNSUBSCRIBE: https://www.vauleonline.co/unsubscribe/?d=holomia.com \r\nAddress: 2925 Willis Avenue\r\nHastings, FL 32145','2024-06-29 22:39:13','2024-06-29 22:39:13'),(28,'PillsFus','iunskiygipertonik@gmail.com','81269433452','Erectile dysfunction treatments available online from TruePills. \r\nDiscreet, next day delivery and lowest price guarantee. \r\n \r\nViagra is a well-known, branded and common erectile dysfunction (ED) treatment for men. \r\nIt\'s available through our Online TruePills service. \r\n \r\nTrial ED Pack consists of the following ED drugs: \r\n \r\nViagra Active Ingredient: Sildenafil 100mg 5 pills \r\nCialis 20mg 5 pills \r\nLevitra 20mg 5 pills \r\n \r\nhttps://true-pill.top/ \r\n \r\nApo-carbamazepine\r\nEuglim\r\nCarters\r\nGibonz','2024-06-30 02:53:13','2024-06-30 02:53:13'),(29,'Freda Bible','bible.freda@hotmail.com','450 2731','Looking for a Great Job? \r\n75% of resumes aren’t even seen by hiring managers!  \r\n \r\nIs your resume keyword rich and ATS ready? \r\n \r\nFind out with our FREE consultation with a certified, trained resume writing. \r\nSend your resume to resumes@razoredgeresumes.com to make sure you are not missing out!\r\n  \r\nSend your resume now and we will reach out to you to speak at your convenience.\r\n\r\nQuick and easy. Start today!','2024-06-30 05:54:21','2024-06-30 05:54:21'),(30,'Dianne Conforti','conforti.dianne@gmail.com','26644545','Game changing customer financing approves down to 500 FICO Don\'t leave money on the table, now you\'ll be able to turn people with low credit scores into paying customers!\r\n\r\n** USA Based Businesses Only! **\r\n\r\nSend me a message at my contact info below for info\r\n\r\nJessica Snyder\r\njessica.snyder@helloratespros.com\r\nhttps://helloratespros.com/5-6/','2024-06-30 07:47:05','2024-06-30 07:47:05'),(31,'Danielslilt','k.i.rillchemax987@gmail.com','85798367617','301 Moved Permanently \r\nhttps://nedvizhkainfo.ru - 301 Moved Permanently!..','2024-06-30 15:00:09','2024-06-30 15:00:09'),(32,'RaymondSleri','josettebent@icloud.com','86362257216','Discover https://Accsmarket.net, the premier online marketplace for purchasing various types of accounts tailored to your needs. From social media profiles to gaming credentials, we offer a convenient platform to access a wide range of verified accounts. Streamline your digital experience and explore the possibilities with https://Accsmarket.net today. \r\n \r\nClick to : https://Accsmarket.net','2024-06-30 17:38:52','2024-06-30 17:38:52'),(33,'Joanna Riggs','joannariggs278@gmail.com','718782399','Hi,\r\n\r\nI just visited holomia.com and wondered if you\'d ever thought about having an engaging video to explain what you do?\r\n\r\nOur videos cost just $195 for a 30 second video ($239 for 60 seconds) and include a full script, voice-over and video.\r\n\r\nI can show you some previous videos we\'ve done if you want me to send some over. Let me know if you\'re interested in seeing samples of our previous work.\r\n\r\nRegards,\r\nJoanna\r\n\r\nUnsubscribe: https://removeme.click/ev/unsubscribe.php?d=holomia.com','2024-06-30 21:31:06','2024-06-30 21:31:06'),(34,'Dawni','ttwmdhwmww.j@silesia.life','066-817-48-77','Dawni Kuebel','2024-07-01 05:13:28','2024-07-01 05:13:28'),(35,'Audra Horan','aipilot@earnmorenow.info','416-903-0260','Hey  \r\n\r\nSadly, it’s true...\r\n\r\nFor the past year, you have been trying dozens of apps…\r\n\r\nAnd I\'m here to tell you that this is NOT AI\r\n\r\nAt best, they\'re cheap mirror of ChatGPT, which is also not an AI app\r\n\r\nI know you may not believe me now…\r\n\r\nBut think about it…\r\n\r\n>> ChatGPT is not an AI app: https://www.earnmorenow.info/aipilot \r\n\r\nIt just predicts the answers, and finds them on the internet\r\n\r\nAnd to make matters worse… It’s outdated.\r\n\r\nMeaning, ChatGPT only has access to information till 2021\r\n\r\nThis is a huge gap, especially in the day and age we live in…\r\n\r\nBut somehow, they convinced us that this is AI…\r\n\r\nI mean…\r\n\r\nTry to use ChatGPT to create something…\r\n\r\nTry to use it to create a funnel, or a website, you will be amazed by how bad it really is…\r\n\r\nDoes that mean you have to live like this?\r\nNever be able to use the true power of Ai?\r\n\r\nThe short answer is NO…\r\n\r\n I\'ve managed to create something…\r\n\r\nThat has never been done before…\r\n\r\n>> Click Here To Get the Tool: https://www.earnmorenow.info/aipilot \r\n\r\nMe and my team have created the world’s first Ai app that uses a true Ai model\r\n\r\nA model that will literally do everything for you…\r\n\r\nWith a click of a button…\r\n\r\nOR…\r\n\r\nWith the sound of your voice…\r\n\r\nYes, you just use it’s Siri-like feature\r\n\r\nAnd it will create anything you want…\r\n\r\nCopywriting\r\nDesigns\r\nVideos\r\nLanding pages\r\nWebsites\r\nFunnels\r\nStores\r\nVoiceovers\r\n\r\nAnd more…\r\n\r\nBe sure to be around today at exactly 9:30AM\r\n\r\n>> Click Here Now To Get the Tool: https://www.earnmorenow.info/aipilot \r\n\r\nTo make sure you get the BEST price possible\r\nAnd secure my insane bonuses pack\r\n\r\nSee you there…\r\nAudra Horan\r\n\r\n\r\n\r\nUNSUBSCRIBE: https://www.earnmorenow.info/unsubscribe/?d=holomia.com  \r\nAddress: 3097 Adams Avenue\r\nWashington, MD 20004','2024-07-01 06:41:26','2024-07-01 06:41:26'),(36,'Luis Alves','intl.law7@aol.com','89341649678','Greeting. \r\nI hope this message will interest you, giving the unconventional opportunity it conveys. \r\nI’m a Private Investment Consultant sourcing and connecting business managers with Capitalists. \r\nI’m mandated by an Offshore Investment Company acting as proxy for Wealthy Oligarchs. \r\nIf you have a viable business seeking for quick Loan or Funding Partners, I have a rare opportunity for you. \r\nPlease reach out to me, through this following email  alveslus011@gmail.com if you need further details about the funding scheme. \r\nIgnore if not interested. \r\nRegards, \r\nLuis Alves \r\nLegal | Consultant | Contractor. \r\nE-mail: alveslus011@gmail.com','2024-07-01 08:37:20','2024-07-01 08:37:20'),(37,'Tracie','tracie.catt@gmail.com','2747275489','World\'s Best Neck Massager Get it Now 50% OFF + Free Shipping!\r\n\r\nWellness Enthusiasts! There has never been a better time to take care of your neck pain! \r\nOur clinical-grade TENS technology will ensure you have neck relief in as little as 20 minutes.\r\n\r\nGet Yours: https://hineck.co\r\n\r\nEnjoy,\r\n\r\nTracie\r\nHolomia','2024-07-01 09:27:05','2024-07-01 09:27:05'),(38,'Gale Harding','harding.gale@gmail.com','3810565590','To the holomia.com Webmaster.\r\n\r\nIt\'s Gale here with a brief thought about your website holomia.com...\r\n\r\nI’m across the internet frequently and I examine numerous business websites.\r\n\r\nLike yours, several them have excellent content.\r\n\r\nBut all too often, they come up short when it comes to connecting and connecting with anyone who visits.\r\n\r\nI realize – it’s difficult. Studies show 7 out of 10 people who visit a site, abandon it in moments without leaving any trace. You got the eyeball, but nothing else.\r\n\r\nI have a solution for you…\r\n\r\nWeb Visitors Into Leads is a software widget that’s functions on your site, ready to capture any visitor’s Name, Email address, and Phone Number. You’ll know instantly they’re interested and you can call them directly to talk with them really while they’re still on the web looking at your site.\r\n\r\nCLICK HERE https://turboleadgeneration.com to try out a Live Demo with Lead Capture now to see exactly how it works.\r\n\r\nIt can be huge for your business – and because you’ve got that phone number, with our new SMS Text With Lead feature, you can immediately start a text (SMS) conversation – instantly… and contacting someone in that 5-minute window is 100 times more potent than reaching out 30 minutes or more later.\r\n\r\nAdditionally, with text messaging you can follow up later with new offers, content links, even just follow-up notes to continue the conversation going.\r\n\r\nAll I’ve just described is very straightforward to implement, cost-effective, and profitable.\r\n\r\nCLICK HERE https://turboleadgeneration.com to learn what Instant Engagement Tool can do for your business.\r\n\r\nYou can be converting up to 100X more eyeballs into leads today!\r\n\r\nGale\r\nPS: Web Visitors Into Leads offers a FREE 14 days trial – and it even includes International Long Distance Calling.\r\nYou have customers eager to talk with you right now… don’t keep them waiting.\r\nCLICK HERE https://turboleadgeneration.com to test Lead Capture now.\r\n\r\nIf you\'d like to unsubscribe click here https://turboleadgeneration.com/unsubscribe.aspx?d=holomia.com\r\n\r\nOnly a quick note - the monikers and email employed in this note, Gale and Harding, are substitutes and not real contact information. We cherish openness and wished to ensure you’re conscious! Should you want to communicate with the actual person behind this note, please go to our website, and we’ll unite you with the proper person.','2024-07-01 16:08:23','2024-07-01 16:08:23'),(39,'johnus69','ii6@dg20.mailsecurenet.online','85231795477','Cheating wife banging her lover at a motel room homemade\r\nhttp://zizis.android-sexy-songs.for.men.job.amandahot.com/?alicia-brenna\r\n\r\n retro corsets porn lara jones porn free streaming android porn tanned busty porn stars swimming porn porn','2024-07-01 16:14:15','2024-07-01 16:14:15'),(40,'MarcusSuddy','smartblip.com@gmail.com','83862772285','smartblip home gadgets https://smartblip.com  best price','2024-07-01 18:41:08','2024-07-01 18:41:08'),(41,'RussiaFoods','russiarussiafoods@gmail.com','85687914142','https://t.me/civend/257 Жена уила смитта','2024-07-02 02:23:26','2024-07-02 02:23:26'),(42,'Masonnaile','yjdisantoyjdissemin@gmail.com','84622853174','Hai, saya ingin tahu harga Anda.','2024-07-02 04:00:10','2024-07-02 04:00:10'),(43,'Donaldlog','ackindoisio198719@rambler.ru','88821639385','В Германии допустили использование Украиной Patriot против авиации в России \r\n<a href=https://vk15at.com>кракен 14 </a> \r\nМОСКВА, 15 июн - РИА Новости. Возглавляющий спецштаб по вопросам Украины при министерстве обороны ФРГ генерал-майор Кристиан Фройдинг допустил применение Киевом зенитно-ракетных комплексов Patriot для \"поражения\" российской авиации над территорией РФ. \r\n\"Вполне возможно, что системы Patriot теперь будут использоваться также в районе Харькова и над Россией... Они могут применяться в рамках международного права. У нас есть большая уверенность, что украинцы... будут его (международное право - ред.) соблюдать\", - сказал Фройдинг в эфире телеканала ARD. \r\nkraken2trfqodidvlh4aa337cpzfrhdlfldhve5nf7njhumwr7instad.onion \r\nhttps://kraken16-at.net','2024-07-02 04:13:57','2024-07-02 04:13:57'),(44,'CharliePsync','evan.b.o.r.i.s.487@gmail.com','87577238254','Bạn muốn kiếm tiền điện tử miễn phí-thật dễ dàng để làm bằng cách chỉ cần nhấp vào màn hình điện thoại của bạn, theo liên kết và tham gia hàng triệu người dùng https://tinyurl.com/3u45x2kw','2024-07-02 05:13:09','2024-07-02 05:13:09'),(45,'Luca Vu','vu.luca@gmail.com','353446227','Hi there,\r\n\r\nWe promise—this isn\'t just another message. Imagine saving money and simplifying your website management all at once. At WordPressPro.org, we make it possible.\r\n\r\nHere\'s how:\r\n\r\n    Affordable Plans: Starting at just $9.95/month\r\n    User-Friendly Platform: Manage your site with ease\r\n    Free Migration Service: Seamless transition to our platform\r\n\r\nGive your website the boost it deserves. Join us today!\r\n\r\nBest regards,\r\n\r\nThe WordPressPro.org Team\r\nwww.wordpresspro.org\r\ninfo@wordpresspro.org','2024-07-02 21:41:19','2024-07-02 21:41:19'),(46,'Derrickcob','renfgezer1992@mail.ru','82622289814','Roman Vasilenko and the \"Best Way\" Cooperative: Not Guilty? \r\n \r\nThe criminal prosecution of Roman Vasilenko, the founder of the \"Best Way\" cooperative, might be discontinued. This was reported by several sources, including deputies. According to available information, the authorities have reassessed the situation surrounding the \"Best Way\" cooperative and concluded that the prosecution was largely driven by the Central Bank\'s departmental position, which initiated the attack on the cooperative in the fall of 2021. This position aligns with the interests of banks but not with the interests of citizens, especially under the conditions requiring special social support measures. \r\n \r\nConflict History \r\n \r\nThe investigation against the cooperative and Vasilenko, who had by then already stepped down as chairman, began when the Central Bank included \"Best Way\" in its list of companies with identified signs of illegal activity in the financial market (a warning list) as a potential financial pyramid in the fall of 2021. \r\n \r\n1. **Based on \"signals\" from certain media and unspecified \"citizen complaints\"**: These signals and complaints were not verified, and no audit of the cooperative was conducted despite regular audit reports issued by audit firms commissioned by the cooperative\'s board. \r\n \r\n2. **Due to \"mass advertising\" by the cooperative**: However, the cooperative did not engage in direct advertising. It informed its shareholders and interested parties through social media and responded to media inquiries about its interest-free home purchase system. \r\n \r\n3. **Because of \"uncertainty in the cooperative\'s activities\" and \"lack of signs of economic activity\"**: Although the cooperative\'s activities were clearly defined in all versions of its charter (adjusted per Central Bank specialists\' comments, despite the cooperative not being under their supervision), it had acquired over 2500 apartments for its shareholders from 2014 to early 2022, when its property acquisition activities were halted by the investigation. \r\n \r\nThe Central Bank\'s information was forwarded to law enforcement agencies. The General Prosecutor\'s Office blocked the cooperative\'s website along with its payment system, and an earlier complaint had been filed by the Central Bank\'s Northwest division. \r\n \r\nHow the Cooperative Worked \r\n \r\nThe \"Best Way\" cooperative\'s system was simple and attractive: a shareholder made an initial contribution of 35-50% of the desired apartment\'s cost. They could also save for this contribution in the cooperative\'s account, participating in a savings program. After making the initial contribution, the shareholder waited in line for a year to a year and a half, then selected a property, which, upon approval by the cooperative\'s lawyers and appraisers, was purchased with cooperative funds provided in a 10-year installment plan. The shareholder then repaid the cooperative for the property. \r\n \r\nThe cooperative provided interest-free funds, but the shareholder paid a relatively small entrance fee, membership dues, property taxes, and utility payments. In some regions, such as Bashkortostan, cooperatives received tax benefits, but in most regions, shareholders paid taxes as legal entities since the cooperative owned the property. \r\n \r\nAfter repaying the cooperative\'s funds, the shareholder registered the property in their name. Many repaid early, and hundreds had already registered their properties despite the 10-year term. Shareholders could also withdraw at any time and receive their contributions back. \r\n \r\nDespite additional payments and waiting periods, purchasing an apartment through \"Best Way\" was significantly cheaper and more attractive than taking a mortgage, even a preferential one. This was especially crucial for socially vulnerable groups who could not obtain a mortgage, such as pensioners and students. A significant percentage of the cooperative\'s shareholders were former and active military personnel; the cooperative was founded by reserve military officer Roman Vasilenko and is currently led by State Duma deputy Sergey Kryuchek. Thousands of shareholders and their family members are defending the country. \r\n \r\nSberbank: From Friend to Foe \r\n \r\nSberbank was a long-time partner of the cooperative, managing its shareholder funds. By 2021, the cooperative operated in almost all Russian regions, with 20,000 members. \r\n \r\nThe cooperative became a real competitor to bank mortgage programs. \r\n \r\nThe struggle over the arrest and release of accounts mostly favored the investigating group from the Main Investigative Directorate of the Ministry of Internal Affairs of Russia for St. Petersburg and the Prosecutor\'s Office of St. Petersburg. However, the cooperative\'s lawyers won some court cases. Sberbank blocked fund transfers even when court orders lifted the arrests, citing internal compliance rules. Other banks also withheld the cooperative\'s development funds, which amounted to nearly 4 billion rubles, while banks managed the income from these funds. \r\n \r\nCase Details \r\n \r\nThe cooperative was assigned the status of a civil defendant in the criminal case, facing claims of 16 billion rubles, though the total damage cited in the indictment was 282 million rubles. Most recognized victims filed claims against the foreign investment company \"Hermes,\" not the cooperative. There were no lawsuits against the cooperative in the criminal case. \r\n \r\nClaims against the cooperative involved demands for refunds of entrance and membership fees, contrary to their contracts. For instance, Dolyan, recognized as a victim, claimed these fees upon a recommendation from an investigator, concerning a contract closed in 2019 that had previously raised no issues and was not contested in civil court. \r\n \r\nEssentially, claims against \"Hermes\" are being shifted to \"Best Way,\" although a cooperative, by its legal nature, cannot be part of a holding. Sources say the theory of a holding is based solely on the promotional system under \"Life-is-Good,\" which dealt with both cooperative and \"Hermes\" products as alternatives. The investigation\'s logic is that \"Hermes\" is abroad, but the cooperative is in Russia, and \"Hermes\" has reportedly restored its payment system. Nonetheless, the obligations of 282 million rubles cannot justify blocking the cooperative\'s activities; even paying this sum would not affect its liquidity. \r\n \r\nGiven the current social support situation in Russia, authorities may reconsider their stance on cooperatives. Compromise solutions include legislative initiatives to update and clarify the old consumer cooperation law. \r\n \r\nDeputies have suggested that a socially-oriented institution, which wouldn\'t require state funding while effectively addressing housing issues, would benefit the economy and society. \"Best Way\" could serve as a model for such an institution, potentially protecting it from further attacks.','2024-07-03 00:04:45','2024-07-03 00:04:45'),(47,'Jerrold Bradbury','jerrold.bradbury@yahoo.com','419-968-0677','Are you still looking at getting your website done/ completed? Contact e.solus@gmail.com','2024-07-03 00:46:33','2024-07-03 00:46:33'),(48,'Veridiana','tdqchpjhdd.j@silesia.life','790-415-82-06','Veridiana Seckendorf','2024-07-03 04:12:22','2024-07-03 04:12:22'),(49,'StanleyEremn','rom.an.v.la.dimiro.v.9.33@gmail.com','83956528287','301 Moved Permanently \r\nhttps://kedroteka.ru - Click here!..','2024-07-03 13:50:30','2024-07-03 13:50:30'),(50,'Thomassmupe','forteacy1993@mail.ru','86327317976','The Criminal Prosecution of Roman Vasilenko, Founder of \"Life-is-Good\" and the \"Best Way\" Cooperative, May Be Discontinued \r\n \r\n \r\nAccording to several sources, the criminal prosecution of Roman Vasilenko, founder of the \"Life-is-Good\" company and the \"Best Way\" cooperative, may be discontinued—primarily due to the socio-political resonance it has created. This includes mass protests by cooperative shareholders, including members of the Special Military Operation (SMO) and their families in various regions, who are unhappy that their funds have been blocked in accounts for two years, preventing them from either retrieving the funds or purchasing an apartment. \r\n \r\nThe Case \r\n \r\nThe criminal case, which investigators link to the St. Petersburg-based marketing company \"Life-is-Good,\" the foreign investment company \"Hermes,\" and the \"Best Way\" consumer cooperative registered in St. Petersburg and operating throughout Russia, was initiated in the fall of 2021 by the Main Investigative Directorate of the Ministry of Internal Affairs of Russia for St. Petersburg and the Leningrad Region. It was transferred to the court in February of this year and is being heard by the Primorsky District Court of St. Petersburg. \r\n \r\nTen people are on trial: technical employees of \"Life-is-Good\" and Viktor Vasilenko, Roman Vasilenko\'s 83-year-old father, a pensioner. \r\n \r\nThe criminal case being considered by the Primorsky District Court raises many questions—initially and increasingly as the trial progresses. Three charges are brought: creating a financial pyramid, fraud, and organizing a criminal community. The total damage amounts to 282 million rubles, which is incomparable with the more than 8 billion rubles seized in the case, including 4 billion on the accounts of the \"Best Way\" cooperative. The investigation recognized 221 citizens as victims in the case. \r\n \r\nWho is Vasilenko? \r\n \r\nRoman Viktorovich Vasilenko is a St. Petersburg business consultant, founder of a network of independent entrepreneurs promoting financial products under the aegis of his company \"Life-is-Good,\" and founder of the International Business Academy IBA. \r\n \r\nThe network under \"Life-is-Good\" promoted competitive products such as \"Vista\" passive income accounts from the foreign investment company \"Hermes,\" registered in Belize, and installment-based apartment purchases through the \"Best Way\" cooperative, where initial contributions could be made or accumulated in a cooperative account interest-free. \r\n \r\nUnlike \"Hermes,\" Vasilenko was the founder and chairman of the \"Best Way\" cooperative until spring 2021 (later serving as head of the supervisory board for about a year). Since spring 2022, he has been an ordinary cooperative member, not part of its governing bodies. \r\n \r\nVasilenko has worked not only in Russia but also in Kazakhstan, Kyrgyzstan, Belarus, Ukraine, Cyprus, Austria, and Hungary. Cooperative housing projects have been established in many of these countries. \r\n \r\nVasilenko is also known as a philanthropist who has invested millions of rubles in supporting federal business initiatives (the \"Synergy\" forum), cultural initiatives (the \"Dobrovidenie\" festival), and other charitable activities, including supporting children\'s medical institutions. \r\n \r\nRoman Vasilenko was also charged in the ongoing criminal case, declared wanted, including through Interpol, as he has been living abroad for family reasons since the COVID-19 pandemic, as he told the press. However, sources indicate that Interpol and foreign states, including neighboring countries where he also actively works, deemed his prosecution unjustified. Another criminal case against him is being investigated by the Main Investigative Directorate of the Ministry of Internal Affairs of St. Petersburg, concerning the \"Life-is-Good\" leadership team. \r\n \r\nClients and Shareholders Protest \r\n \r\nThe trial in the Primorsky District Court has not been going well for the prosecution and state authorities. The majority of those who have testified so far have made claims for amounts ranging from a few hundred to a few tens of thousands of rubles, raising questions about the relevance of such sums in a criminal court. Additionally, many recognized as victims are making financial claims for non-refundable fees and commissions, which they agreed to in their contracts. For example, Dolyan, a recognized victim, closed his contract with the cooperative several years ago without complaints but filed a police report demanding the return of a non-refundable entry fee of just over 100 thousand rubles, prompted by an investigator\'s suggestion. \r\n \r\nMost \"Hermes\" clients, numbering over two hundred thousand in Russia, and tens of thousands of \"Best Way\" cooperative shareholders, blame law enforcement for their problems. They assert that a St. Petersburg system administrator for \"Hermes,\" Evgeny Naboychenko, disrupted the Russian payment system. The cooperative\'s accounts have been almost continuously frozen for over two years due to prosecution requests (the cooperative has repeatedly won court cases to lift account freezes, but only once for about a month did payments proceed without bank blocks). \r\n \r\nThousands of shareholders and their families have held rallies and meetings in support of their cooperative. Three waves of rallies swept across Russia last year, from Kaliningrad to Khabarovsk, including events supporting the cooperative on the eve of the presidential elections. Hundreds of appeals have been sent to the president\'s direct line. \r\n \r\nAmong the affected are hundreds of shareholders participating in the SMO and those with family members in the SMO. They are outraged that while they or their relatives defend the country at the front, they face what they consider injustice at home. \r\n \r\nAccording to the \"Best Way\" cooperative council, shareholders have sent over 17,000 appeals to various authorities, including more than 360 to the Russian President\'s Administration. \r\n \r\nSummary \r\n \r\nAccording to the cooperative council, during the entire confrontation with St. Petersburg law enforcement, \"Best Way\" shareholders have filed over 17,000 complaints and appeals to various state and law enforcement agencies, including: \r\n \r\n- More than 5200 petitions to investigators to lift account freezes \r\n- Almost 800 complaints under Article 124 of the Criminal Procedure Code (complaints to the prosecutor and head of the investigative body) \r\n- More than 560 complaints under Article 125 (judicial review complaints against investigative actions) \r\n- Almost 40 complaints under Article 125 of the Criminal Procedure Code from shareholders with complete debt repayment documents, unable to register property ownership \r\n- About 90 petitions to lift apartment freezes \r\n- More than 50 civil lawsuits from shareholders for damages caused by St. Petersburg law enforcement actions \r\n- A collective complaint to the Investigative Department of the Ministry of Internal Affairs of Russia signed by 901 people \r\n- More than 900 complaints to the Investigative Committee of Russia \r\n- More than 950 complaints to the FSB of Russia \r\n- More than 500 appeals to the FSB Director Alexander Bortnikov \r\n- More than 450 complaints to the Prosecutor General of Russia Igor Krasnov \r\n- More than 360 appeals to the Secretary of the Security Council of Russia \r\n- More than 1340 complaints to the qualification board of judges about judges\' decisions affecting the cooperative \r\n- A complaint to the Supreme Court of Russia signed by 851 people \r\n- An appeal to State Duma Deputy Anzhelika Glazkova signed by 884 people \r\n- More than 480 appeals to the Central Bank to exclude the cooperative from the Central Bank\'s blacklist \r\n- More than 700 appeals to Human Rights Commissioner Tatyana Moskalkova \r\n- More than 360 appeals to the Russian President\'s Administration \r\n- More than 500 appeals to the president\'s direct line from cooperative shareholders \r\n \r\nThe cooperative enjoys significant support in various Russian regions, notably from local deputies. In Bashkortostan, a law on tax benefits for cooperatives was essentially adopted for \"Best Way.\" \r\n \r\nThe authors of the appeals hope that given the socio-political situation surrounding the criminal case and the cooperative\'s social benefits for Russia, including support for SMO participants, law enforcement will make fair decisions, allowing the cooperative to continue its work unhindered.','2024-07-03 14:47:07','2024-07-03 14:47:07'),(51,'RaymondCah','k.i.r.illchemax987@gmail.com','85478917573','301 Moved Permanently \r\nhttps://avtomobilland.ru/ - Show more!','2024-07-03 18:40:12','2024-07-03 18:40:12'),(52,'OVYDtvkWh','rushdjylslf136@gmail.com','9960496616','QPGWoYCungHs','2024-07-03 19:27:05','2024-07-03 19:27:05'),(53,'Jose Washington','aigigzhub@moregold.xyz','09631 26 99 70','Grab This World\'s First & Only App INSTANTLY Creates AI-Run “Fiverr-Like” Marketplace That Sells AI-Generated Services Like: Content Writing, Copywriting, Images, Chatbots, Audios, Voiceover, Translation, Videos..  Which Pays Us $527 Per Day!\r\n\r\n==> Click Here To Check it Out: https://www.moregold.xyz/aigigzhub \r\nUse your 30% Discount Copoun: AIGigz30OFF\r\n\r\nThe Best Part is, Task AI also Finds Clients, Processes ALL Orders & Collect Payment Round The Clock While We Sleep...\r\n\r\n==> CLick Here To Check it Out: https://www.moregold.xyz/aigigzhub \r\nUse your 30% Discount Copoun: AIGigz30OFF\r\n\r\nHere are My Exclusive Bonuses For The First 19 Persons To Pick Up Task AI Right Away!\r\n\r\nEXCLUSIVE BONUS #1 - FULL FUNNEL ACCESS TO AI CASH MACHINE (Worth - $648): \r\ncheck the sales page here: https://www.getaicashmachine.com/aicashmachine-exclusive \r\n\r\nEXCLUSIVE BONUS #2 - FULL FUNNEL ACCESS TO AMAZONAILOOPHOLE (Worth - $547): \r\ncheck the sales page here: \r\n https://www.azonailoophole.com/amazonailoophole-exclusive \r\n\r\nEXCLUSIVE BONUS #3 - FULL FUNNEL ACCESS TO AIGoogleHacks (Worth - $755):\r\ncheck the sales page here:\r\nhttps://www.aigoghack.com/ai-google-hack-exclusive\r\n\r\nEXCLUSIVE BONUS #4 - FULL FUNNEL ACCESS TO GLITCHED (Worth - $695):\r\ncheck the sales page here:\r\nhttps://www.glitched.click/glitched-exclusive\r\n\r\nEXCLUSIVE BONUS #5 - FULL FUNNEL ACCESS TO WEBPAYZ (Worth - $497):\r\ncheck the sales page here:\r\nhttps://www.webpayzonline.com/webpayz-fe-v21662507507904\r\n\r\n\r\nHurry Now, Go Pick Up AIGigz To Stand a Chance to WIN This Bonuses.\r\n⇒ Click Here To Grab AIGigz +My Exclusive Bonuses: https://www.moregold.xyz/aigigzhub \r\n\r\nCheers,\r\nJose Washington\r\n\r\n\r\nUNSUBSCRIBE: https://www.moregold.xyz/unsubscribe/?d=holomia.com  \r\nAddress: 2850 Frederick Street\r\nSacramento, CA 58147','2024-07-04 00:08:28','2024-07-04 00:08:28'),(54,'frankiegb5','yd4@rhi4710.apd80.mailguardianpro.online','85598961823','250ml of fake cum in fulloffantasies tight little pussy pornhub\r\nhttp://triple-cumshot.a4ktube.com/?asia-alycia\r\n\r\n free 30 plus porn free latin porn models ashlynn brooke porn movies greek porn tgp free asian mmf porn','2024-07-04 01:41:17','2024-07-04 01:41:17'),(55,'RobertDew','floormistman1982@mail.ru','84882817125','Italy’s cheap homes hot spot puts more up for sale \r\n<a href=https://kraken21at.net>2krn.at</a> \r\nDwindling Italian towns have been pulling out all the stops to lure new residents in recent years, with several one-euro home schemes launching across the country. \r\n \r\nBut while some towns have struggled to find buyers for their abandoned buildings, others have been basking in the glory of successful sales. \r\nhttps://kraken-19at.net \r\nkraken22.at \r\n“We just want to make it clear that by numbering these batches, more sales will likely follow in coming years,” newly elected mayor Giuseppe Cacioppo tells CNN. “Foreigners are flocking to buy our homes, it’s been a hit so far.” \r\n \r\nCacioppo encourages potential buyers who are heading to the region to pay the town a visit and check out the 12 or so homes up for grabs this time. \r\n \r\n“The timing is perfect,” he says. “Tourists and interested buyers currently traveling to Italy, and those planning a trip in spring and summer can come take a look.” \r\n \r\nAccording to Cacioppo, the available homes, located in the old Saracen district, are as “structurally stable as those so far sold” but in need of a restyle. \r\nSambuca made global headlines back in 2019 when CNN announced that it was putting 16 dwellings up for sale for one euro. Two years later, the town offered up a second batch of homes for two euros. \r\nhttps://kraken24at.net \r\nkraken3yvbvzmhytnrnuhsy772i6dfobofu652e27f5hx6y5cpj7rgyd.onion \r\nThe fire-sale, which lured international buyers as far as the Middle East, has helped to revamp the local economy with an influx of 20 million euros (around $21.8 million,) says Cacioppo. \r\n \r\nThis includes turnover from new B&Bs, new shops that have opened in the town and contracts with builders, architects, surveyors, interior designers and notaries. \r\n \r\n“The two batches of houses, owned by the town hall, revitalized the private real estate sector. People rushing to grab one at auction but didn’t make the final cut bought a cheap house instead. So far, 250 homes have been sold,” says Cacioppo. \r\n \r\nSambuca’s triumphant efforts to sell off its empty homes are largely credited to the fact that the local authorities actually own the abandoned dwellings they hope to offload. \r\n \r\nOther depopulated Italian towns, such as medieval village Patrica, located south of Rome, have attempted to launch similar schemes, but struggled to track down the former owners to gain permission to sell their empty homes.','2024-07-04 01:50:10','2024-07-04 01:50:10'),(56,'Amadoemese','news@eunews24x7.com','87442448826','We bring you latest Gambling News, Casino Bonuses and offers from Top Operators, Online Casino Slots Tips, Sports Betting Tips, odds etc. \r\n \r\nhttps://www.jackpotbetonline.com/','2024-07-04 05:26:32','2024-07-04 05:26:32'),(57,'Lawrence Zerangue','lawrence.zerangue@gmail.com','(71) 6932-4263','You may wish to save this email for future reference.  There is no need to unsubscribe because this is a one-time email from Se-REM.  This announcement is a public service for a not-for-profit program that has saved and restored lives shattered by abuse and trauma.\r\n  \r\nHave you heard of Se-REM? (Self effective - Rapid Eye Movement). Many people don\'t know that REM brain activity dramatically improves the processing of traumatic emotion. It creates peace and empowers the listener. Se-REM is an advanced version of EMDR therapy. It is more powerful because it combines elements of 6 different therapies, EMDR, hypnosis, mindfulness, Gestalt child within work, music therapy, and Awe therapy,(connecting profoundly with nature).\r\n \r\nIt has helped thousands of people overcome PTSD, and anxiety. But it is also helpful in a great many situations, loss of any kind, grief, phobias and even marital counseling. The mission statement is \"Trauma relief at as close to free as possible\". This program downloads to a smart phone or computer and can be used in an office or at home. Read about it, hear samples, and download at: Se-REM.com. Once you own the program, you are encouraged to give it away to others who will benefit. I provide free consultation to all who use the program. \r\nSe-REM.com has a 95% rating on Trustpilot and is in use in 33 countries.\r\n \r\nIf you would like to know more you can watch a UK Podcast at: https://lockedupliving.podbean.com','2024-07-04 14:07:17','2024-07-04 14:07:17'),(58,'Frances Lake','openappai@truevaule.xyz','078 7779 2720','Exciting news!   The wait is finally over – OpenApp AI is now LIVE\r\nThe first-ever AI-powered, no-coding \'Android & iOS\' mobile app builder.\r\nGame-changing technology allows you to transform any your ideas, keywords, website URL, blogs, pages, and e-commerce stores into stunning Real Android & iOS mobile apps in less than 60 seconds!\r\n\r\n===>Access OpenApp AI + All Bonus (Early Bird Launch Discount): https://www.truevaule.xyz/openappai \r\n\r\nGenerate highly advanced Mobile apps and upload them on different app stores Like Google-Play & Apple App Store…\r\n...  To easily make huge profits weekly, monthly and annually on complete autopilot...\r\n\r\nHere\'s why OpenApp AI is a game-changer:\r\nCreate Unlimited Android & IOS Mobile Apps Using Al\r\nTransform Any Website Url, Keywords, Blogs, Pages & Ecom Store into A Fully Functional Stunning Mobile Apps\r\nBuilt-in 1500+ Professional Templates: Create Personal Or Business Mobile Apps For Any Niche Using Al\r\nPublish Your App on Google-Play and Apple store In Less Than 60 Seconds\r\nPayment Integration, accept payments in your app through Payment Gateways\r\nSend Push Notifications To Your App Users And Get Up To 98% Open Rate.\r\nSend Unlimited Emails & SMS Directly To Your Users\r\nAdd Unlimited Custom Domains & Subdomains Without Any Restrictions.\r\nBuilt-In Interactive elementsa to add Coupon, Loyalty Program, Appointment and event booking,\r\nConvert existing website URL into Android/iOS App\r\nGenerate native android and iOS apps\r\nBuilt-in App Monetization\r\nLifetime Access With No Recurring Monthly Payments\r\n\r\n\r\nReady to take the leap into the future of app development?   Try OpenApp AI today and experience the simplicity of turning your dreams into reality.\r\n\r\n==> Watch OpenApp AI Demo In Action: https://www.truevaule.xyz/openappai \r\n\r\nDon\'t let coding complexities hold you back.   Join the ranks of successful app creators with OpenApp AI.\r\n\r\nOops, did I forget to mention…\r\nYou’re also getting exclusive bonuses worth $....   that will make this deal an unforgettable affair. \r\n\r\nBut these are available for a very limited time.\r\nSo, don’t you dare miss out on this.\r\n\r\n\r\n===>Access OpenApp AI + All Bonus (Early Bird Launch Discount): https://www.truevaule.xyz/openappai \r\n\r\n\r\nBest regards,\r\nFrances Lake\r\n\r\n\r\n\r\nUNSUBSCRIBE: https://www.truevaule.xyz/unsubscribe/?d=holomia.com  \r\nAddress: 2635 Gnatty Creek Road\r\nWestbury, NY 11590','2024-07-04 19:07:59','2024-07-04 19:07:59'),(59,'AndreJZ','hjk2419@mail.ru','84695223153','Ведущий праздников - это человек, который ответственен за организацию и проведение праздничных мероприятий, таких как корпоративные вечера, частные праздники, свадьбы, дни рождения и т.д. Ведущий праздников обычно является лицом, которое обеспечивает развлекательную программу, общается с гостями, контролирует ход мероприятия и создает праздничную атмосферу. \r\n \r\nОбычно, ведущий праздниковantwort за следующиеaspectы праздника: \r\n \r\n1. Разработка сценария мероприятия и координация его выполнения. \r\n2. Развлекательная программа: выбор артистов, музыки, игр и других мероприятий. \r\n3. Организация и проведение конкурсов, игр и других конкурсных мероприятий. \r\n4. Управление временем и расписанием мероприятия. \r\n5. Общение с гостями, отвечая на их вопросы и обеспечивая их комфорт. \r\n6. Координация с техническим персоналом,such as sound engineers, lighting technicians, and other event staff. \r\n7. Решение нештатных ситуаций и кризисных ситуаций, которые могут возникнуть в ходе мероприятия. \r\n \r\nВедущий праздников harus быть харизматичным, иметь грамотную речь и навыки общения, бытьorganizovanny и уметь работать под давлением времени. \r\nзаказть можно организатора у нас <a href=https://bos.best/>Ведущий праздников</a> \r\n \r\nвремя работы с 8.00 до 19.00 званите будем рады вам помочь \r\n \r\n \r\n123','2024-07-05 00:37:41','2024-07-05 00:37:41'),(60,'Frayda','tddtqqqbjj.j@silesia.life','162-317-37-88','Frayda Mulford','2024-07-05 01:50:52','2024-07-05 01:50:52'),(61,'Hai Freeland','freeland.hai@msn.com','7038595470','I saw that your holomia.com website might be missing out on approximately 1K visitors daily. Our AI powered traffic system is tailored to boost your site\'s visibility: https://tinyurl.com/w4usb4vj\r\nWe\'re offering a free trial that includes 4,000 targeted visitors to show the potential benefits. After the trial, we can supply up to 250K targeted visitors per month. This solution could greatly increase your website\'s reach and visitors.','2024-07-05 05:43:06','2024-07-05 05:43:06'),(62,'Maham Harkins','son.harkins@gmail.com','267910032','The Instagram social media platform has seen explosive growth over the last two years. It now has 500\r\nmillion users that are desperate for fun and exciting content and this is a massive opportunity for you\r\nto promote your business.\r\n\r\nI can help you to grow and promote your Instagram  account organically\r\nvisit my 5 star profile and join over 3000 happy customer\r\n\r\nClick here to check out  and lets start work together  ===== > https://tinyurl.com/mw6x9duz\r\n\r\nSee you there!\r\nRegards\r\nMaham','2024-07-05 09:20:23','2024-07-05 09:20:23'),(63,'ulitkali','sales@3d-integration.com','89183219686','Join Catizen, the game where you can earn money just by playing! Raise and train cute cats, complete tasks, and trade in-game items. Earn rewards, cash out, and have fun! Start your Catizen journey now: https://tinyurl.com/catcoins','2024-07-06 03:16:54','2024-07-06 03:16:54'),(64,'Letha Weigall','letha.weigall@yahoo.com','0321-2405747','Dear,\r\n\r\nI hope this message finds you well. I am writing to introduce you to M.I.H, the premier digital marketing agency dedicated to transforming businesses and driving sales growth. Here’s how partnering with M.I.H can benefit your business:\r\n\r\n1. **Targeted SEO Strategies:** Enhance your online visibility and attract high-quality traffic to your website, leading to increased conversion rates.\r\n2. **Effective Social Media Campaigns:** Engage with your audience on various platforms, boosting brand awareness and customer loyalty.\r\n3. **Compelling Content Marketing:** Develop valuable content that resonates with your audience, establishing your brand as an industry leader.\r\n4. **Precision PPC Advertising:** Implement cost-effective PPC campaigns to reach potential customers actively searching for your products or services.\r\n5. **Data-Driven Insights:** Utilize advanced analytics to optimize marketing strategies continuously, ensuring maximum ROI.\r\n\r\nM.I.H\'s tailored approach and expertise across various industries ensure we understand and meet your unique business goals. Let’s discuss how M.I.H can help elevate your brand and drive sales growth.\r\n\r\nPlease get in touch at marketingagency.mih@gmail.com to schedule a consultation. I look forward to exploring opportunities for collaboration.\r\n\r\nBest regards,\r\nM.I.H Marketing Agency\r\nmarketingagency.mih@gmail.com\r\nhttps://mihmarketingagency.com/','2024-07-06 06:57:04','2024-07-06 06:57:04'),(65,'Kimber Nealy','kimber.nealy@googlemail.com','4828133','Hi there, I apologize for using your contact form, \r\nbut I wasn\'t sure who the right person was to speak with in your company. \r\nWe have a patented application that creates Local Area pages that rank on \r\ntop of Google within weeks, we call it Local Magic.  Here is a link to the \r\nproduct page https://www.mrmarketingres.com/local-magic/ . The product \r\nleverages technology where these pages are managed dynamically by AI and \r\nit is ideal for promoting any type of business that gets customers from Google.  Can I share a testimonial \r\nfrom one of our clients in the same industry?  I\'d prefer to do a short zoom to \r\nillustrate their full case study if you have time for it? \r\nYou can reach me at marketing@mrmarketingres.com or 843-720-7301. And if this isn\'t a fit please feel free to email me and I\'ll be sure not to reach out again.  Thanks!','2024-07-06 07:15:20','2024-07-06 07:15:20'),(66,'Jonelle Lefler','lefler.jonelle@msn.com','8122809550','Vetted is a powerful sales multiplier that helps you close 60 % more deals. \r\nThat’s a game changer.\r\nStart your 30 Day FREE trial & see the results for yourself. \r\nUSA Businesses Only\r\n\r\nSarah McCormick\r\nVetted Business Specialist\r\n295 Seven Farms Drive Suite C-201\r\nCharleston, SC 29492\r\nSarah.McCormick@VettedPros.com\r\nhttps://vettedpros.com/1-2/?a=Are-You-Ready-To-Dominate-Your-Local-Market?\r\n\r\nVetted is a game changing platform used by over 85,000 USA based businesses to share & prove their business credentials to amplify trust & transparency with shoppers and close up to 60% more sales than businesses not listed on the Vetted platform.','2024-07-06 09:18:47','2024-07-06 09:18:47'),(67,'Jerome Bailey','franknai@realdollar.xyz','0360 9062233','Hey there,\r\n\r\nIt doesn’t matter which business you’re in… you need traffic.  That’s the only way your business makes money.\r\n\r\nBut when it comes to generating traffic - there are tons of methods…\r\n\r\nYou can run paid ads\r\n\r\nYou can do SEO and wait for results\r\n\r\nYou can do video marketing\r\n\r\nAnd the list goes on.\r\n\r\nBut there’s an IGNORED platform for generating 100% buyer traffic that most people forget about.\r\n\r\nEvery day nearly 4.9 billion people use this platform… and luckily, this new app shows you how you can use its power to drive 365 days of traffic in a single click.\r\nDon’t believe me?\r\n\r\nSee it in action here and you’ll be surprised: https://www.realdollar.xyz/franknai  \r\n\r\nThis new app is called FranknAI and in JUST one click, the app creates 365 days of content strategy to drive traffic from 5 different platforms…\r\n\r\nNot only that - the app writes all the content - gives you exact dates when and where to post content - schedules it and automatically posts it on your behalf…\r\n\r\nIt’s like having an in-house marketing growth department.  The best part is…\r\n\r\nIf you act now and secure your copy during the launch period - you’ll get commercial rights to the tool which means you can sell its services in your agency.\r\n\r\nThis is a perfect tool if you’re interested in starting a social media marketing agency and providing SMM services to clients.\r\n\r\nGrab it  Now: https://www.realdollar.xyz/franknai  \r\n\r\nTalk soon,\r\n\r\nJerome Bailey\r\n\r\n\r\n\r\nUNSUBSCRIBE: https://www.realdollar.xyz/unsubscribe/?d=holomia.com  \r\nAddress: 4577 Mount Tabor\r\nTarrytown, NY 10591','2024-07-06 10:48:09','2024-07-06 10:48:09'),(68,'CharliePsync','evan.b.o.ris.487@gmail.com','89371562777','You want to earn free cryptocurrency - it\'s easy to do by simply clicking on the screen of your phone, follow the link and join millions of users https://tinyurl.com/3u45x2kw','2024-07-06 14:55:59','2024-07-06 14:55:59'),(69,'Raj Majeti','raj@champsfec.com','+15192120372','We are having an existing indoor play ground www.epicplayzone.ca, in Milton, Ontario, Canada and are interested to partner with you for our location.\r\nPlease schedule a meeting, to enable us to understand your model and offerings.','2024-07-06 15:09:31','2024-07-06 15:09:31'),(70,'Davianna','tdcmmbhpbc.j@silesia.life','829-239-01-04','Davianna Szechenyi','2024-07-06 17:34:19','2024-07-06 17:34:19'),(71,'WilliePup','schneiderzbill@gmail.com','89886699827','<b>https://e-porn.net</b> free xxx tube videos webcams dating, \r\nонлайн камеры, знакомства','2024-07-07 02:23:03','2024-07-07 02:23:03'),(72,'Vivien Huntsman','vivien.huntsman8@googlemail.com','4625608','Dear to holomia.com Manager!\r\n\r\nThis is Vivien and I recently came across your web site - holomia.com - in the search results.\r\n\r\nSo here’s what that means to me… to me…\r\n\r\nYour SEO’s working.\r\n\r\nYou’re getting eyeballs – mine at least at least.\r\n\r\nYour content’s decent, wouldn’t change a single thing\r\n\r\nBUT…\r\n\r\nEyeballs don’t pay the bills.\r\n\r\nCUSTOMERS do\r\n\r\nAnd studies show that 7 out of 10 people to a site like holomia.com will visit, look around, and then leave without doing anything else anything else.\r\n\r\nIt’s like they never never were even there.\r\n\r\nYou can fix this.\r\n\r\nYou can make it it super-simple for them to raise their hand, say, say, “okay, let’s talk” without requiring them them to even pull their cell phone from their pocket thanks to Web Visitors Into Leads.\r\n\r\nWeb Visitors Into Leads is a software widget that sits on your site, ready and waiting to snatch any visitor’s Name, Email address and Phone Number. It lets you know immediately – so you can talk to that lead immediately immediately… without delay BEFORE they head for those those hills.\r\n\r\nCLICK HERE https://advanceleadgeneration.com to try a Live Demo with Web Visitors Into Leads now to see to see exactly how how it works\r\n\r\nNow it’s also true that when reaching out to hot leads, you MUST act fast – – the difference between between contacting someone someone 5 minutes versus 30 minutes later is huge is huge – like 100 times better\r\n\r\nThat’s what makes our new SMS Text With Lead feature so powerful you’ve got their phone number, so now you can begin a text message (SMS) conversation with them… so even if they don’t take you up on your offer right away, you continue to text them new offers, and new reasons to do business with you.\r\n\r\nThis could change everything for you and your business\r\n\r\nCLICK HERE https://advanceleadgeneration.com to learn more more about everything Web Web Visitors Into Leads can do and start and start turing eyeballs into money.\r\n\r\nVivien\r\nPS: Web Visitors Into Leads offers a FREE 14 day trial – you could be converting up to up to 100x more leads immediately!   \r\nIt even even includes International International Long Distance Calling.\r\nPaying customers are out there waiting.\r\nStarting connecting today by CLICKING HERE https://advanceleadgeneration.com to try Web Visitors Into Leads now\r\n\r\nIf you’d like prefer to unsubscribe click here https://advanceleadgeneration.com/unsubscribe.aspx?d=holomia.com\r\n\r\nJust a quick a quick note - the names and email and email used Vivien and Huntsman, are placeholders and not genuine contact information We value transparency and wanted to make sure you’re you’re aware! If you wish to get in touch with the real person person behind this message this message please visit our website, and and we’ll connect you with the with the correct individual.}','2024-07-07 05:22:18','2024-07-07 05:22:18'),(73,'John Warren','heidi.goe@gmail.com','(669) 012-3456','Did you know?\r\n\r\nAdopting eco-friendly practices is here to stay!\r\n\r\nBe part of the change and transform your home or office with sustainable practices.\r\n\r\nLearn more >>> https://www.missionnewenergy.com/solar-energy/innovations-in-solar-panel-technology/.\r\n\r\nSave money on maintenance while preserving nature.\r\n\r\nFrom energy-efficient appliances and smart technology, every change matters.\r\n\r\nAct now and feel the change!\r\n\r\nDon\'t be left behind in sustainability.','2024-07-07 13:16:36','2024-07-07 13:16:36'),(74,'Jaime McAlister','webx@solveques.xyz','079 2852 6046','Hi,\r\n\r\nIt\'s mid-afternoon and a whopping $567.40 is sitting pretty in my wallet.\r\n\r\nConsistently in 7 days, I would be making 3,971.8.\r\n\r\nThis is insane yet a dream come true.\r\n\r\nA large number of small businesses pay $800 to $999 a month to hire freelancers on platforms like Fiverr for Landing pages, Funnels, review pages, and more.\r\n\r\nAll with WebX The Only AI That Can Turn A Single Keyword Or Voice To An Optimized  Landing Pages, and Funnels With Fully Loaded Content.\r\n\r\nThis can be your reality if you gain access to WebX today: https://www.solveques.xyz/webx \r\n\r\nHint: I didn\'t have to do any work to get 3,971.8 weekly.\r\n\r\nAnd I can even top that figure tomorrow. \r\n\r\nQuick warning though…\r\n\r\nJust 50 slots left and slots are running out fast.\r\n\r\nLimited slots because we don\'t want this saturated. \r\n\r\nExcitedly, you can Get Your VIP Access If you Click Here Fast<<<<: https://www.solveques.xyz/webx \r\n\r\nJust for you, I have secured massive discounts for you\r\n\r\nGot it?\r\n\r\nYou can make $500+ daily if you can start today.\r\n\r\nEnjoy Mouthwatering Bonuses Here Before Slots Sell out fast<<<: https://www.solveques.xyz/webx \r\n\r\nGood luck \r\nJaime McAlister\r\n\r\n\r\nUNSUBSCRIBE: https://www.solveques.xyz/unsubscribe/?d=holomia.com  \r\nAddress: 2511 Holly Street\r\nDalton, GA 30720','2024-07-07 15:46:51','2024-07-07 15:46:51'),(75,'JosephRof','enos30red@gmail.com','86663746493','Hello. \r\n \r\nThis post was created with XRumer 23 StrongAI. \r\n \r\nGood luck :)','2024-07-07 20:05:04','2024-07-07 20:05:04'),(76,'Phil Stewart','noreplyhere@aol.com','342-123-4456','Ready to blast your message across the digital universe? Just as you\'re engaging with this ad, imagine your brand message reaching countless website contact forms worldwide! Starting at just under $100, unlock the potential to reach 1 million forms. Reach out to me below for details\r\n\r\nP. Stewart\r\nEmail: ww54vu@submitmaster.xyz\r\nSkype: form-blasting','2024-07-07 21:57:02','2024-07-07 21:57:02');
/*!40000 ALTER TABLE `contacts` ENABLE KEYS */;
UNLOCK TABLES;

--
-- Table structure for table `contents`
--

DROP TABLE IF EXISTS `contents`;
/*!40101 SET @saved_cs_client     = @@character_set_client */;
/*!50503 SET character_set_client = utf8mb4 */;
CREATE TABLE `contents` (
  `id` bigint unsigned NOT NULL AUTO_INCREMENT,
  `title` varchar(255) CHARACTER SET utf8mb4 COLLATE utf8mb4_unicode_ci DEFAULT NULL,
  `sub_title` varchar(255) CHARACTER SET utf8mb4 COLLATE utf8mb4_unicode_ci DEFAULT NULL,
  `description` text CHARACTER SET utf8mb4 COLLATE utf8mb4_unicode_ci,
  `video` varchar(255) CHARACTER SET utf8mb4 COLLATE utf8mb4_unicode_ci DEFAULT NULL,
  `image` varchar(255) CHARACTER SET utf8mb4 COLLATE utf8mb4_unicode_ci DEFAULT NULL,
  `link` varchar(255) CHARACTER SET utf8mb4 COLLATE utf8mb4_unicode_ci DEFAULT NULL,
  `id_priority` int DEFAULT NULL,
  `contentable_id` int NOT NULL,
  `contentable_type` varchar(255) CHARACTER SET utf8mb4 COLLATE utf8mb4_unicode_ci NOT NULL,
  `created_at` timestamp NULL DEFAULT NULL,
  `updated_at` timestamp NULL DEFAULT NULL,
  PRIMARY KEY (`id`)
) ENGINE=InnoDB AUTO_INCREMENT=50 DEFAULT CHARSET=utf8mb4 COLLATE=utf8mb4_unicode_ci;
/*!40101 SET character_set_client = @saved_cs_client */;

--
-- Dumping data for table `contents`
--

LOCK TABLES `contents` WRITE;
/*!40000 ALTER TABLE `contents` DISABLE KEYS */;
INSERT INTO `contents` VALUES (2,'title1713174291','sub_title1713174291','description1713174291',NULL,NULL,NULL,NULL,1,'App\\Models\\Section','2024-04-15 02:44:51','2024-04-15 02:44:51'),(3,'title1713770856','sub_title1713770856','description1713770856',NULL,NULL,NULL,NULL,2,'App\\Models\\Section','2024-04-22 00:27:36','2024-04-22 00:27:36'),(4,'title1713771065','sub_title1713771065','description1713771065',NULL,NULL,NULL,NULL,2,'App\\Models\\Section','2024-04-22 00:31:05','2024-04-22 00:31:05'),(5,'title1713771105','sub_title1713771105','description1713771105',NULL,NULL,NULL,NULL,2,'App\\Models\\Section','2024-04-22 00:31:45','2024-04-22 00:31:45'),(6,'title1713771181','sub_title1713771181','description1713771181',NULL,NULL,NULL,NULL,2,'App\\Models\\Section','2024-04-22 00:33:01','2024-04-22 00:33:01'),(7,'title1713772932','sub_title1713772932','description1713772932',NULL,NULL,NULL,NULL,3,'App\\Models\\Section','2024-04-22 01:02:12','2024-04-22 01:02:12'),(8,'title1713773089','sub_title1713773089','description1713773089',NULL,NULL,NULL,NULL,3,'App\\Models\\Section','2024-04-22 01:04:49','2024-04-22 01:04:49'),(9,'title1713773116','sub_title1713773116','description1713773116',NULL,NULL,NULL,NULL,3,'App\\Models\\Section','2024-04-22 01:05:16','2024-04-22 01:05:16'),(10,'title1713773146','sub_title1713773146','description1713773146',NULL,NULL,NULL,NULL,3,'App\\Models\\Section','2024-04-22 01:05:46','2024-04-22 01:05:46'),(11,'title1713773174','sub_title1713773174','description1713773174',NULL,NULL,NULL,NULL,3,'App\\Models\\Section','2024-04-22 01:06:14','2024-04-22 01:06:14'),(12,'title1713777366','sub_title1713777366','description1713777366',NULL,NULL,NULL,NULL,4,'App\\Models\\Section','2024-04-22 02:16:06','2024-04-22 02:16:06'),(13,'title1713852816','sub_title1713852816','description1713852816',NULL,NULL,NULL,NULL,5,'App\\Models\\Section','2024-04-22 23:13:36','2024-04-22 23:13:36'),(14,'title1713852880','sub_title1713852880','description1713852880',NULL,NULL,NULL,NULL,5,'App\\Models\\Section','2024-04-22 23:14:40','2024-04-22 23:14:40'),(15,'title1713852978','sub_title1713852978','description1713852978',NULL,NULL,NULL,NULL,5,'App\\Models\\Section','2024-04-22 23:16:18','2024-04-22 23:16:18'),(16,'title1713853020','sub_title1713853020','description1713853020',NULL,NULL,NULL,NULL,5,'App\\Models\\Section','2024-04-22 23:17:00','2024-04-22 23:17:00'),(17,'title1713857999','sub_title1713857999','description1713857999',NULL,NULL,NULL,NULL,8,'App\\Models\\Section','2024-04-23 00:39:59','2024-04-23 00:39:59'),(18,'title1713858009','sub_title1713858009','description1713858009',NULL,NULL,NULL,NULL,8,'App\\Models\\Section','2024-04-23 00:40:09','2024-04-23 00:40:09'),(19,'title1713858019','sub_title1713858019','description1713858019',NULL,NULL,NULL,NULL,8,'App\\Models\\Section','2024-04-23 00:40:19','2024-04-23 00:40:19'),(20,'title1713858033','sub_title1713858033','description1713858033',NULL,NULL,NULL,NULL,8,'App\\Models\\Section','2024-04-23 00:40:33','2024-04-23 00:40:33'),(21,'title1713858047','sub_title1713858047','description1713858047',NULL,NULL,NULL,NULL,8,'App\\Models\\Section','2024-04-23 00:40:47','2024-04-23 00:40:47'),(22,'title1713858060','sub_title1713858060','description1713858060',NULL,NULL,NULL,NULL,8,'App\\Models\\Section','2024-04-23 00:41:00','2024-04-23 00:41:00'),(23,'title1713858075','sub_title1713858075','description1713858075',NULL,NULL,NULL,NULL,8,'App\\Models\\Section','2024-04-23 00:41:15','2024-04-23 00:41:15'),(24,'title1713858088','sub_title1713858088','description1713858088',NULL,NULL,NULL,NULL,8,'App\\Models\\Section','2024-04-23 00:41:28','2024-04-23 00:41:28'),(25,'title1713858098','sub_title1713858098','description1713858098',NULL,NULL,NULL,NULL,8,'App\\Models\\Section','2024-04-23 00:41:38','2024-04-23 00:41:38'),(26,'title1713858550','sub_title1713858550','description1713858550',NULL,NULL,NULL,NULL,9,'App\\Models\\Section','2024-04-23 00:49:10','2024-04-23 00:49:10'),(27,'title1713858562','sub_title1713858562','description1713858562',NULL,NULL,NULL,NULL,9,'App\\Models\\Section','2024-04-23 00:49:22','2024-04-23 00:49:22'),(28,'title1713858574','sub_title1713858574','description1713858574',NULL,NULL,NULL,NULL,9,'App\\Models\\Section','2024-04-23 00:49:34','2024-04-23 00:49:34'),(29,'title1713860719','sub_title1713860719','description1713860719',NULL,NULL,NULL,NULL,10,'App\\Models\\Section','2024-04-23 01:25:19','2024-04-23 01:25:19'),(30,'title1713863205','sub_title1713863205','description1713863205',NULL,NULL,NULL,NULL,11,'App\\Models\\Section','2024-04-23 02:06:45','2024-04-23 02:06:45'),(31,'title1713863233','sub_title1713863233','description1713863233',NULL,NULL,NULL,NULL,11,'App\\Models\\Section','2024-04-23 02:07:13','2024-04-23 02:07:13'),(32,'title1713863254','sub_title1713863254','description1713863254',NULL,NULL,NULL,NULL,11,'App\\Models\\Section','2024-04-23 02:07:34','2024-04-23 02:07:34'),(33,'title1713866803','sub_title1713866803','description1713866803',NULL,NULL,NULL,NULL,11,'App\\Models\\Section','2024-04-23 03:06:43','2024-04-23 03:06:43'),(34,'title1713867494','sub_title1713867494','description1713867494',NULL,NULL,NULL,NULL,12,'App\\Models\\Section','2024-04-23 03:18:14','2024-04-23 03:18:14'),(35,'title1719388017','sub_title1719388017','description1719388017','iMegQ9pM7rY',NULL,NULL,NULL,14,'App\\Models\\Section','2024-06-26 07:46:57','2024-06-27 06:27:25'),(37,'title1719455775','sub_title1719455775','description1719455775',NULL,NULL,NULL,NULL,13,'App\\Models\\Section','2024-06-27 02:36:15','2024-06-27 02:36:15'),(38,'title1719456410','sub_title1719456410','description1719456410',NULL,'images/contents/17194564101_1658108980-icon-rightwebpwebp.webp',NULL,NULL,15,'App\\Models\\Section','2024-06-27 02:46:50','2024-06-27 02:46:50'),(39,'title1719456494','sub_title1719456494','description1719456494',NULL,'images/contents/17194564941_16575955971-icon-rightwebpwebp.webp',NULL,NULL,15,'App\\Models\\Section','2024-06-27 02:48:14','2024-06-27 02:48:14'),(40,'title1719456757','sub_title1719456757','description1719456757',NULL,NULL,NULL,1,16,'App\\Models\\Section','2024-06-27 02:52:37','2024-07-06 02:25:21'),(41,'title1719456924','sub_title1719456924','description1719456924',NULL,NULL,NULL,0,16,'App\\Models\\Section','2024-06-27 02:55:24','2024-07-06 02:25:21'),(42,'title1719457490','sub_title1719457490','description1719457490',NULL,NULL,NULL,NULL,18,'App\\Models\\Section','2024-06-27 03:04:50','2024-06-27 03:04:50'),(43,'title1719457585','sub_title1719457585','description1719457585',NULL,NULL,NULL,NULL,18,'App\\Models\\Section','2024-06-27 03:06:25','2024-06-27 03:06:25'),(44,'title1719459473','sub_title1719459473','description1719459473',NULL,NULL,NULL,NULL,19,'App\\Models\\Section','2024-06-27 03:37:53','2024-06-27 03:37:53'),(45,'title1719461981','sub_title1719461981','description1719461981',NULL,NULL,NULL,NULL,20,'App\\Models\\Section','2024-06-27 04:19:41','2024-06-27 04:19:41'),(46,'title1719470221','sub_title1719470221','description1719470221',NULL,NULL,NULL,NULL,23,'App\\Models\\Section','2024-06-27 06:37:01','2024-06-27 06:37:01'),(47,'title1719470262','sub_title1719470262','description1719470262',NULL,NULL,NULL,NULL,23,'App\\Models\\Section','2024-06-27 06:37:42','2024-06-27 06:37:42'),(48,'title1719470288','sub_title1719470288','description1719470288',NULL,NULL,NULL,NULL,23,'App\\Models\\Section','2024-06-27 06:38:08','2024-06-27 06:38:08'),(49,'title1719470306','sub_title1719470306','description1719470306',NULL,NULL,NULL,NULL,23,'App\\Models\\Section','2024-06-27 06:38:26','2024-06-27 06:38:26');
/*!40000 ALTER TABLE `contents` ENABLE KEYS */;
UNLOCK TABLES;

--
-- Table structure for table `courses`
--

DROP TABLE IF EXISTS `courses`;
/*!40101 SET @saved_cs_client     = @@character_set_client */;
/*!50503 SET character_set_client = utf8mb4 */;
CREATE TABLE `courses` (
  `id` bigint unsigned NOT NULL AUTO_INCREMENT,
  `title` varchar(255) CHARACTER SET utf8mb4 COLLATE utf8mb4_unicode_ci NOT NULL,
  `sub_title` varchar(255) CHARACTER SET utf8mb4 COLLATE utf8mb4_unicode_ci DEFAULT NULL,
  `time` int DEFAULT NULL,
  `number_student` int DEFAULT NULL,
  `price` double DEFAULT NULL,
  `info` longtext CHARACTER SET utf8mb4 COLLATE utf8mb4_unicode_ci,
  `roadmap` longtext CHARACTER SET utf8mb4 COLLATE utf8mb4_unicode_ci,
  `open_schedule` longtext CHARACTER SET utf8mb4 COLLATE utf8mb4_unicode_ci,
  `image` varchar(255) CHARACTER SET utf8mb4 COLLATE utf8mb4_unicode_ci DEFAULT NULL,
  `created_at` timestamp NULL DEFAULT NULL,
  `updated_at` timestamp NULL DEFAULT NULL,
  PRIMARY KEY (`id`)
) ENGINE=InnoDB AUTO_INCREMENT=8 DEFAULT CHARSET=utf8mb4 COLLATE=utf8mb4_unicode_ci;
/*!40101 SET character_set_client = @saved_cs_client */;

--
-- Dumping data for table `courses`
--

LOCK TABLES `courses` WRITE;
/*!40000 ALTER TABLE `courses` DISABLE KEYS */;
INSERT INTO `courses` VALUES (6,'title1713842684','sub_title1713842684',8,30,10000000,'info1713842684','roadmap1713842684','open_schedule1713842684','images/course/17138426841_a910c231116f56eb5b555432c6affad5png.png','2024-04-22 20:24:44','2024-04-22 20:24:44'),(7,'title1713845018','sub_title1713845018',3,3,20000,'info1713845018','roadmap1713845018','open_schedule1713845018','images/course/17138450181_2a4bfc791cf18bc235673b1665a13adcjpg.jpg','2024-04-22 21:03:38','2024-04-22 21:03:38');
/*!40000 ALTER TABLE `courses` ENABLE KEYS */;
UNLOCK TABLES;

--
-- Table structure for table `failed_jobs`
--

DROP TABLE IF EXISTS `failed_jobs`;
/*!40101 SET @saved_cs_client     = @@character_set_client */;
/*!50503 SET character_set_client = utf8mb4 */;
CREATE TABLE `failed_jobs` (
  `id` bigint unsigned NOT NULL AUTO_INCREMENT,
  `uuid` varchar(255) CHARACTER SET utf8mb4 COLLATE utf8mb4_unicode_ci NOT NULL,
  `connection` text CHARACTER SET utf8mb4 COLLATE utf8mb4_unicode_ci NOT NULL,
  `queue` text CHARACTER SET utf8mb4 COLLATE utf8mb4_unicode_ci NOT NULL,
  `payload` longtext CHARACTER SET utf8mb4 COLLATE utf8mb4_unicode_ci NOT NULL,
  `exception` longtext CHARACTER SET utf8mb4 COLLATE utf8mb4_unicode_ci NOT NULL,
  `failed_at` timestamp NOT NULL DEFAULT CURRENT_TIMESTAMP,
  PRIMARY KEY (`id`),
  UNIQUE KEY `failed_jobs_uuid_unique` (`uuid`)
) ENGINE=InnoDB DEFAULT CHARSET=utf8mb4 COLLATE=utf8mb4_unicode_ci;
/*!40101 SET character_set_client = @saved_cs_client */;

--
-- Dumping data for table `failed_jobs`
--

LOCK TABLES `failed_jobs` WRITE;
/*!40000 ALTER TABLE `failed_jobs` DISABLE KEYS */;
/*!40000 ALTER TABLE `failed_jobs` ENABLE KEYS */;
UNLOCK TABLES;

--
-- Table structure for table `holo360_project`
--

DROP TABLE IF EXISTS `holo360_project`;
/*!40101 SET @saved_cs_client     = @@character_set_client */;
/*!50503 SET character_set_client = utf8mb4 */;
CREATE TABLE `holo360_project` (
  `id` int unsigned NOT NULL AUTO_INCREMENT,
  `title` varchar(255) CHARACTER SET utf8mb4 COLLATE utf8mb4_unicode_ci DEFAULT NULL,
  `slug` varchar(255) CHARACTER SET utf8mb4 COLLATE utf8mb4_unicode_ci DEFAULT NULL,
  `link` varchar(255) CHARACTER SET utf8mb4 COLLATE utf8mb4_unicode_ci DEFAULT NULL,
  `image` varchar(255) CHARACTER SET utf8mb4 COLLATE utf8mb4_unicode_ci DEFAULT NULL,
  `id_priority` int DEFAULT NULL,
  `category_holo360_id` bigint unsigned DEFAULT NULL,
  `created_at` timestamp NULL DEFAULT NULL,
  `updated_at` timestamp NULL DEFAULT NULL,
  `type` varchar(255) CHARACTER SET utf8mb4 COLLATE utf8mb4_unicode_ci DEFAULT NULL,
  PRIMARY KEY (`id`),
  KEY `holo360_project_category_holo360_id_foreign` (`category_holo360_id`),
  CONSTRAINT `holo360_project_category_holo360_id_foreign` FOREIGN KEY (`category_holo360_id`) REFERENCES `category_holo360` (`id`) ON DELETE CASCADE
) ENGINE=InnoDB AUTO_INCREMENT=14 DEFAULT CHARSET=utf8mb4 COLLATE=utf8mb4_unicode_ci;
/*!40101 SET character_set_client = @saved_cs_client */;

--
-- Dumping data for table `holo360_project`
--

LOCK TABLES `holo360_project` WRITE;
/*!40000 ALTER TABLE `holo360_project` DISABLE KEYS */;
INSERT INTO `holo360_project` VALUES (1,'Tour VR Tràng An - Bái Đính','tour-vr-trang-an-bai-dinh','https://360.holomia.com/tour/29L4EHYO3VIIvad1M','images/contents/1720077148-thumb-1jpg.jpg',NULL,1,'2023-06-09 02:59:30','2024-07-04 07:12:28','Link'),(2,'Tour VR Tam Chúc','tour-vr-tam-chuc','https://360.holomia.com/tour/11oJsUdLCaSBCczwF','images/contents/1720077209-112jpg.jpg',NULL,1,'2023-06-09 03:00:54','2024-07-04 07:13:29','Link'),(3,'Tour VR Sun World Ba Den Mountain','tour-vr-sun-world-ba-den-mountain','https://360.holomia.com/tour/40mDXTDZBGOnp3AI5','images/projects/17200773151_113jpg.jpg',3,1,'2024-07-04 07:15:15','2024-07-04 07:15:15','Link'),(4,'Tour VR Ba Na Hills','tour-vr-ba-na-hills','https://360.holomia.com/tour/15GxnI3Zq8rsRkWwZ','images/projects/17200774311_screenshot-2024-07-04-141622jpg.jpg',4,1,'2024-07-04 07:17:11','2024-07-04 07:17:11','Link'),(5,'Scan 3D - Fortuna Suite Room','scan-3d-fortuna-suite-room','https://360.holomia.com/scan/hsHz4luxh6q1veZ','images/projects/17200776371_5jpg.jpg',5,2,'2024-07-04 07:20:37','2024-07-04 07:24:07','Link'),(6,'Scan 3D - Fortuna Victoria','scan-3d-fortuna-victoria','https://360.holomia.com/scan/xVvUXDnGNA2i2ZI','images/projects/17200778291_6jpg.jpg',6,2,'2024-07-04 07:23:49','2024-07-04 07:23:49','Link'),(7,'Scan 3D - Two bedroom Premier','scan-3d-two-bedroom-premier','https://360.holomia.com/scan/R0bpgxIWnDvK0Hk','images/projects/17200779391_7jpg.jpg',7,2,'2024-07-04 07:25:39','2024-07-04 07:25:39','Link'),(8,'Scan 3D - Residents\' lounge & terrace','scan-3d-residents-lounge-terrace','https://360.holomia.com/scan/uo8XyXSdTX6GFOl','images/projects/17200780791_screenshot-2024-07-04-142700jpg.jpg',8,2,'2024-07-04 07:27:59','2024-07-04 07:27:59','Link'),(9,'Tạp trí kiến trúc','tap-tri-kien-truc','https://expo.holomia.com/expo/tapchikientruc','images/projects/17200781851_1640269350-ledjpgjpg.jpg',9,3,'2024-07-04 07:29:45','2024-07-04 07:29:45','Link'),(10,'VNi year end party 2022','vni-year-end-party-2022','https://expo.holomia.com/expo/VNi_YEP_2021','images/projects/17200782181_1642739501-yep-poster-virrutal-expo-220120jpgjpg.jpg',10,3,'2024-07-04 07:30:18','2024-07-04 07:30:18','Link'),(11,'Brand walkers F5','brand-walkers-f5','https://expo.holomia.com/expo/F5','images/projects/17200782851_1640506607-f5-virtual-expo-05pngpng.png',11,3,'2024-07-04 07:31:25','2024-07-04 07:31:25','Link'),(12,'Actor Online','actor-online','https://expo.holomia.com/expo/acto12online/layout','images/projects/17200783531_1636778396-1636508627-flashscreenjpg.jpg',12,3,'2024-07-04 07:32:33','2024-07-04 07:32:33','Link'),(13,'Cambridge IEC','cambridge-iec','https://cambridgeiec.edu.vn/index','images/projects/17200784581_10jpg.jpg',13,4,'2024-07-04 07:34:18','2024-07-04 07:34:18','Link');
/*!40000 ALTER TABLE `holo360_project` ENABLE KEYS */;
UNLOCK TABLES;

--
-- Table structure for table `images`
--

DROP TABLE IF EXISTS `images`;
/*!40101 SET @saved_cs_client     = @@character_set_client */;
/*!50503 SET character_set_client = utf8mb4 */;
CREATE TABLE `images` (
  `id` bigint unsigned NOT NULL AUTO_INCREMENT,
  `name` varchar(255) CHARACTER SET utf8mb4 COLLATE utf8mb4_unicode_ci DEFAULT NULL,
  `image` varchar(255) CHARACTER SET utf8mb4 COLLATE utf8mb4_unicode_ci DEFAULT NULL,
  `element` varchar(255) CHARACTER SET utf8mb4 COLLATE utf8mb4_unicode_ci DEFAULT NULL,
  `embed` varchar(255) CHARACTER SET utf8mb4 COLLATE utf8mb4_unicode_ci DEFAULT NULL,
  `id_priority` int DEFAULT NULL,
  `content_id` bigint unsigned DEFAULT NULL,
  `created_at` timestamp NULL DEFAULT NULL,
  `updated_at` timestamp NULL DEFAULT NULL,
  PRIMARY KEY (`id`),
  KEY `images_content_id_foreign` (`content_id`),
  CONSTRAINT `images_content_id_foreign` FOREIGN KEY (`content_id`) REFERENCES `contents` (`id`) ON DELETE CASCADE
) ENGINE=InnoDB AUTO_INCREMENT=64 DEFAULT CHARSET=utf8mb4 COLLATE=utf8mb4_unicode_ci;
/*!40101 SET character_set_client = @saved_cs_client */;

--
-- Dumping data for table `images`
--

LOCK TABLES `images` WRITE;
/*!40000 ALTER TABLE `images` DISABLE KEYS */;
INSERT INTO `images` VALUES (2,'5ab177b6bdec13b24afd.jpg','images/contents/17131742911_5ab177b6bdec13b24afdjpg.jpg',NULL,NULL,NULL,2,'2024-04-15 02:44:51','2024-04-15 02:44:51'),(3,'banner.jpg','images/contents/1713772111-sectionjpg.jpg',NULL,NULL,NULL,3,'2024-04-22 00:27:36','2024-04-22 00:48:31'),(4,'2.jpg','images/contents/17137710651_2jpg.jpg',NULL,NULL,NULL,4,'2024-04-22 00:31:05','2024-04-22 00:31:05'),(5,'1.jpg','images/contents/17137711051_1jpg.jpg',NULL,NULL,NULL,5,'2024-04-22 00:31:45','2024-04-22 00:31:45'),(6,'2.jpg','images/contents/17137711821_2jpg.jpg',NULL,NULL,NULL,6,'2024-04-22 00:33:02','2024-04-22 00:33:02'),(7,'1711617098-sondoong-thumbjpgjpg.jpg','images/contents/1713775772-2a4bfc791cf18bc235673b1665a13adcjpg.jpg',NULL,NULL,NULL,7,'2024-04-22 01:02:12','2024-04-22 01:49:32'),(8,'light-bulb.png','images/contents/17137730891_light-bulbpng.png',NULL,NULL,NULL,8,'2024-04-22 01:04:49','2024-04-22 01:04:49'),(9,'mission.png','images/contents/17137731161_missionpng.png',NULL,NULL,NULL,9,'2024-04-22 01:05:16','2024-04-22 01:05:16'),(10,'diamond.png','images/contents/17137731461_diamondpng.png',NULL,NULL,NULL,10,'2024-04-22 01:05:46','2024-04-22 01:05:46'),(11,'road.png','images/contents/17137731741_roadpng.png',NULL,NULL,NULL,11,'2024-04-22 01:06:14','2024-04-22 01:06:14'),(12,'a910c231116f56eb5b555432c6affad5.png','images/contents/17137773661_a910c231116f56eb5b555432c6affad5png.png',NULL,NULL,NULL,12,'2024-04-22 02:16:06','2024-04-22 02:16:06'),(13,'camket.png','images/contents/17138528161_camketpng.png',NULL,NULL,NULL,13,'2024-04-22 23:13:36','2024-04-22 23:13:36'),(14,'doingu.png','images/contents/17138528801_doingupng.png',NULL,NULL,NULL,14,'2024-04-22 23:14:40','2024-04-22 23:14:40'),(15,'giaotrinh.png','images/contents/17138529781_giaotrinhpng.png',NULL,NULL,NULL,15,'2024-04-22 23:16:18','2024-04-22 23:16:18'),(16,'doingu.png','images/contents/17138530201_doingupng.png',NULL,NULL,NULL,16,'2024-04-22 23:17:00','2024-04-22 23:17:00'),(17,'Cambridge Education Group.png','images/contents/17138579991_cambridge-education-grouppng.png',NULL,NULL,NULL,17,'2024-04-23 00:39:59','2024-04-23 00:39:59'),(18,'Chichester College.png','images/contents/17138580091_chichester-collegepng.png',NULL,NULL,NULL,18,'2024-04-23 00:40:09','2024-04-23 00:40:09'),(19,'Coventry University.png','images/contents/17138580191_coventry-universitypng.png',NULL,NULL,NULL,19,'2024-04-23 00:40:19','2024-04-23 00:40:19'),(20,'London South Bank University.png','images/contents/17138580331_london-south-bank-universitypng.png',NULL,NULL,NULL,20,'2024-04-23 00:40:33','2024-04-23 00:40:33'),(21,'Queen Mary.png','images/contents/17138580471_queen-marypng.png',NULL,NULL,NULL,21,'2024-04-23 00:40:47','2024-04-23 00:40:47'),(22,'The University of Melbourne.png','images/contents/17138580601_the-university-of-melbournepng.png',NULL,NULL,NULL,22,'2024-04-23 00:41:00','2024-04-23 00:41:00'),(23,'The university of sydney.png','images/contents/17138580751_the-university-of-sydneypng.png',NULL,NULL,NULL,23,'2024-04-23 00:41:15','2024-04-23 00:41:15'),(24,'University of Central Lancashire.png','images/contents/17138580881_university-of-central-lancashirepng.png',NULL,NULL,NULL,24,'2024-04-23 00:41:28','2024-04-23 00:41:28'),(25,'University of Toronto.png','images/contents/17138580981_university-of-torontopng.png',NULL,NULL,NULL,25,'2024-04-23 00:41:38','2024-04-23 00:41:38'),(26,'60309e78553dcc86f72f8eda4d60a4cf.png','images/contents/17138585501_60309e78553dcc86f72f8eda4d60a4cfpng.png',NULL,NULL,NULL,26,'2024-04-23 00:49:10','2024-04-23 00:49:10'),(27,'cb87804cc78a145b6c7a43f5b58ddf78.png','images/contents/17138585621_cb87804cc78a145b6c7a43f5b58ddf78png.png',NULL,NULL,NULL,27,'2024-04-23 00:49:22','2024-04-23 00:49:22'),(28,'f8321d4ff59ec90989f7b0ebd1804c70.png','images/contents/17138585741_f8321d4ff59ec90989f7b0ebd1804c70png.png',NULL,NULL,NULL,28,'2024-04-23 00:49:34','2024-04-23 00:49:34'),(29,'354047729_720264493442250_4792352852519296313_n.jpg','images/contents/1713862627-sectionjpg.jpg',NULL,NULL,NULL,29,'2024-04-23 01:25:19','2024-04-23 01:57:07'),(30,'843601ffcd9f9d37863aebfad6401b67.png','images/contents/1713864254-806f6c5f11858f7507e960506abf1130png.png',NULL,NULL,NULL,30,'2024-04-23 02:06:45','2024-04-23 02:24:14'),(31,'843601ffcd9f9d37863aebfad6401b67.png','images/contents/17138674941_843601ffcd9f9d37863aebfad6401b67png.png',NULL,NULL,NULL,34,'2024-04-23 03:18:14','2024-04-23 03:18:14'),(33,'16576174651_homejpg.jpg','images/contents/17194557751_16576174651-homejpgjpg.jpg',NULL,NULL,NULL,37,'2024-06-27 02:36:15','2024-06-27 02:36:15'),(34,'16577931841_bground1jpg.jpg','images/contents/17194567571_16577931841-bground1jpgjpg.jpg',NULL,NULL,NULL,40,'2024-06-27 02:52:37','2024-06-27 02:52:37'),(35,'16577932841_bground2jpg.jpg','images/contents/17194569241_16577932841-bground2jpgjpg.jpg',NULL,NULL,NULL,41,'2024-06-27 02:55:24','2024-06-27 02:55:24'),(36,'16576858851_boutusjpg.jpg','images/contents/17194594731_16576858851-boutusjpgjpg.jpg',NULL,NULL,NULL,44,'2024-06-27 03:37:53','2024-06-27 03:37:53'),(37,'16576858851_boutusjpg.jpg','images/contents/17194595111_16576858851-boutusjpgjpg.jpg',NULL,NULL,NULL,44,'2024-06-27 03:38:31','2024-06-27 03:38:31'),(39,'16576166511_2jpg.jpg','images/contents/17194620131_16576166511-2jpgjpg.jpg',NULL,NULL,1,45,'2024-06-27 04:20:13','2024-06-27 04:22:22'),(40,'16576175101_6jpg.jpg','images/contents/17194620321_16576175101-6jpgjpg.jpg',NULL,NULL,2,45,'2024-06-27 04:20:32','2024-06-27 04:22:22'),(41,'16576841351_13jpg.jpg','images/contents/17194620551_16576841351-13jpgjpg.jpg',NULL,NULL,3,45,'2024-06-27 04:20:55','2024-06-27 04:22:22'),(42,'16576168061_98jpg.jpg','images/contents/17194620681_16576168061-98jpgjpg.jpg',NULL,NULL,4,45,'2024-06-27 04:21:08','2024-06-27 04:22:22'),(43,'16576841011_99jpg.jpg','images/contents/17194620851_16576841011-99jpgjpg.jpg',NULL,NULL,5,45,'2024-06-27 04:21:25','2024-06-27 04:22:22'),(44,'16576173851_immersivejpg.jpg','images/contents/17194621041_16576173851-immersivejpgjpg.jpg',NULL,NULL,6,45,'2024-06-27 04:21:44','2024-06-27 04:22:22'),(45,'16576174651_96jpg.jpg','images/contents/17194621351_16576174651-96jpgjpg.jpg',NULL,NULL,8,45,'2024-06-27 04:22:15','2024-06-27 04:22:22'),(46,'16576174651_homejpg.jpg','images/contents/17194621351_16576174651-homejpgjpg.jpg',NULL,NULL,7,45,'2024-06-27 04:22:15','2024-06-27 04:22:22'),(47,'16576175101_16jpg.jpg','images/contents/17194622311_16576175101-16jpgjpg.jpg',NULL,NULL,NULL,45,'2024-06-27 04:23:51','2024-06-27 04:23:51'),(48,'16576128291_1jpg.jpg','images/contents/17194622411_16576128291-1jpgjpg.jpg',NULL,NULL,NULL,45,'2024-06-27 04:24:01','2024-06-27 04:24:01'),(49,'16576175101_6jpg.jpg','images/contents/17194622511_16576175101-6jpgjpg.jpg',NULL,NULL,NULL,45,'2024-06-27 04:24:11','2024-06-27 04:24:11'),(50,'16576175101_8jpg.jpg','images/contents/17194622671_16576175101-8jpgjpg.jpg',NULL,NULL,NULL,45,'2024-06-27 04:24:27','2024-06-27 04:24:27'),(51,'16576175501_17jpg.jpg','images/contents/17194622851_16576175501-17jpgjpg.jpg',NULL,NULL,NULL,45,'2024-06-27 04:24:45','2024-06-27 04:24:45'),(52,'16576174651_homejpg.jpg','images/contents/17194623481_16576174651-homejpgjpg.jpg',NULL,NULL,NULL,45,'2024-06-27 04:25:48','2024-06-27 04:25:48'),(53,'16576175501_12jpg.jpg','images/contents/17194623481_16576175501-12jpgjpg.jpg',NULL,NULL,NULL,45,'2024-06-27 04:25:48','2024-06-27 04:25:48'),(54,'16576175891_1jpg.jpg','images/contents/17194628361_16576175891-1jpgjpg.jpg',NULL,NULL,NULL,45,'2024-06-27 04:33:56','2024-06-27 04:33:56'),(55,'16576841351_13jpg.jpg','images/contents/17194628361_16576841351-13jpgjpg.jpg',NULL,NULL,NULL,45,'2024-06-27 04:33:56','2024-06-27 04:33:56'),(56,'16576840841_1jpg.jpg','images/contents/17194702211_16576840841-1jpgjpg.jpg',NULL,NULL,NULL,46,'2024-06-27 06:37:01','2024-06-27 06:37:01'),(57,'16576841011_99jpg.jpg','images/contents/17194702211_16576841011-99jpgjpg.jpg',NULL,NULL,NULL,46,'2024-06-27 06:37:01','2024-06-27 06:37:01'),(58,'16576841181_10jpg.jpg','images/contents/17194702211_16576841181-10jpgjpg.jpg',NULL,NULL,NULL,46,'2024-06-27 06:37:01','2024-06-27 06:37:01'),(59,'16576841351_13jpg.jpg','images/contents/17194702211_16576841351-13jpgjpg.jpg',NULL,NULL,NULL,46,'2024-06-27 06:37:01','2024-06-27 06:37:01'),(60,'16577931841_bground1jpg.jpg','images/contents/17194702211_16577931841-bground1jpgjpg.jpg',NULL,NULL,NULL,46,'2024-06-27 06:37:01','2024-06-27 06:37:01'),(61,'16576841351_13jpg.jpg','images/contents/17194702621_16576841351-13jpgjpg.jpg',NULL,NULL,NULL,47,'2024-06-27 06:37:42','2024-06-27 06:37:42'),(62,'16576841181_10jpg.jpg','images/contents/17194702881_16576841181-10jpgjpg.jpg',NULL,NULL,NULL,48,'2024-06-27 06:38:08','2024-06-27 06:38:08'),(63,'16576841011_99jpg.jpg','images/contents/17194703061_16576841011-99jpgjpg.jpg',NULL,NULL,NULL,49,'2024-06-27 06:38:26','2024-06-27 06:38:26');
/*!40000 ALTER TABLE `images` ENABLE KEYS */;
UNLOCK TABLES;

--
-- Table structure for table `items`
--

DROP TABLE IF EXISTS `items`;
/*!40101 SET @saved_cs_client     = @@character_set_client */;
/*!50503 SET character_set_client = utf8mb4 */;
CREATE TABLE `items` (
  `id` bigint unsigned NOT NULL AUTO_INCREMENT,
  `name` varchar(255) CHARACTER SET utf8mb4 COLLATE utf8mb4_unicode_ci DEFAULT NULL,
  `slug` varchar(255) CHARACTER SET utf8mb4 COLLATE utf8mb4_unicode_ci DEFAULT NULL,
  `link` varchar(255) CHARACTER SET utf8mb4 COLLATE utf8mb4_unicode_ci DEFAULT NULL,
  `thumb` varchar(255) CHARACTER SET utf8mb4 COLLATE utf8mb4_unicode_ci DEFAULT NULL,
  `view` int NOT NULL DEFAULT '0',
  `project_id` bigint unsigned DEFAULT NULL,
  `created_at` timestamp NULL DEFAULT NULL,
  `updated_at` timestamp NULL DEFAULT NULL,
  `id_priority` int DEFAULT NULL,
  PRIMARY KEY (`id`),
  KEY `items_project_id_foreign` (`project_id`),
  CONSTRAINT `items_project_id_foreign` FOREIGN KEY (`project_id`) REFERENCES `projects` (`id`) ON DELETE CASCADE
) ENGINE=InnoDB AUTO_INCREMENT=5 DEFAULT CHARSET=utf8mb4 COLLATE=utf8mb4_unicode_ci;
/*!40101 SET character_set_client = @saved_cs_client */;

--
-- Dumping data for table `items`
--

LOCK TABLES `items` WRITE;
/*!40000 ALTER TABLE `items` DISABLE KEYS */;
INSERT INTO `items` VALUES (1,'Fortuna - Suite Room',NULL,'https://360.holomia.com/scan/kfOqm9HdqSuvoFt','Project/1/item/16885265051_m11jpg.JPG',10,1,'2023-07-04 20:08:25','2023-09-05 01:42:31',3),(2,'Fortuna-Victoria',NULL,'https://360.holomia.com/scan/xVvUXDnGNA2i2ZI','Project/1/item/16885265161_m2jpg.JPG',4,1,'2023-07-04 20:08:36','2023-09-05 01:42:31',0),(3,'Fortuna - Spa de Palace',NULL,'https://360.holomia.com/scan/SGIFqsYI9SH6rO5','Project/1/item/16885265321_m3jpg.JPG',3,1,'2023-07-04 20:08:52','2023-09-05 01:42:31',1),(4,'Fortuna- Premier Room',NULL,'https://360.holomia.com/scan/hYYiBvN6zwvaNOn','Project/1/item/16885265461_m4jpg.JPG',2,1,'2023-07-04 20:09:06','2023-09-05 01:42:31',2);
/*!40000 ALTER TABLE `items` ENABLE KEYS */;
UNLOCK TABLES;

--
-- Table structure for table `jobs`
--

DROP TABLE IF EXISTS `jobs`;
/*!40101 SET @saved_cs_client     = @@character_set_client */;
/*!50503 SET character_set_client = utf8mb4 */;
CREATE TABLE `jobs` (
  `id` bigint unsigned NOT NULL AUTO_INCREMENT,
  `queue` varchar(255) CHARACTER SET utf8mb4 COLLATE utf8mb4_unicode_ci NOT NULL,
  `payload` longtext CHARACTER SET utf8mb4 COLLATE utf8mb4_unicode_ci NOT NULL,
  `attempts` tinyint unsigned NOT NULL,
  `reserved_at` int unsigned DEFAULT NULL,
  `available_at` int unsigned NOT NULL,
  `created_at` int unsigned NOT NULL,
  PRIMARY KEY (`id`),
  KEY `jobs_queue_index` (`queue`)
) ENGINE=InnoDB DEFAULT CHARSET=utf8mb4 COLLATE=utf8mb4_unicode_ci;
/*!40101 SET character_set_client = @saved_cs_client */;

--
-- Dumping data for table `jobs`
--

LOCK TABLES `jobs` WRITE;
/*!40000 ALTER TABLE `jobs` DISABLE KEYS */;
/*!40000 ALTER TABLE `jobs` ENABLE KEYS */;
UNLOCK TABLES;

--
-- Table structure for table `languages`
--

DROP TABLE IF EXISTS `languages`;
/*!40101 SET @saved_cs_client     = @@character_set_client */;
/*!50503 SET character_set_client = utf8mb4 */;
CREATE TABLE `languages` (
  `id` bigint unsigned NOT NULL AUTO_INCREMENT,
  `key` varchar(255) CHARACTER SET utf8mb4 COLLATE utf8mb4_unicode_ci DEFAULT NULL,
  `en` text CHARACTER SET utf8mb4 COLLATE utf8mb4_unicode_ci,
  `vn` text CHARACTER SET utf8mb4 COLLATE utf8mb4_unicode_ci,
  `languageable_id` int DEFAULT NULL,
  `languageable_type` varchar(255) CHARACTER SET utf8mb4 COLLATE utf8mb4_unicode_ci DEFAULT NULL,
  `created_at` timestamp NULL DEFAULT NULL,
  `updated_at` timestamp NULL DEFAULT NULL,
  PRIMARY KEY (`id`)
) ENGINE=InnoDB AUTO_INCREMENT=310 DEFAULT CHARSET=utf8mb4 COLLATE=utf8mb4_unicode_ci;
/*!40101 SET character_set_client = @saved_cs_client */;

--
-- Dumping data for table `languages`
--

LOCK TABLES `languages` WRITE;
/*!40000 ALTER TABLE `languages` DISABLE KEYS */;
INSERT INTO `languages` VALUES (3,'title1713164905','RES ENGLISH','RES ENGLISH',2,'App\\Models\\Section','2024-04-15 00:08:25','2024-04-15 00:08:25'),(4,'description1713164905','<p>Are you ready to conquer English with Cambridge IEC?<br />\nStart your path to success today by signing up for the class that&#39;s right for you!</p>','<p>Bạn sẵn s&agrave;ng chinh phục Tiếng Anh c&ugrave;ng Cambridge IEC chưa?<br />\nH&atilde;y bắt đầu con đường dẫn đến th&agrave;nh c&ocirc;ng ngay h&ocirc;m nay bằng c&aacute;ch đăng k&yacute; lớp học ph&ugrave; hợp với m&igrave;nh n&agrave;o!</p>',2,'App\\Models\\Section','2024-04-15 00:08:25','2024-04-22 00:16:35'),(5,'sub_title1713164905','Cambridge IEC','Cambridge IEC',2,'App\\Models\\Section','2024-04-15 00:08:25','2024-04-22 00:16:35'),(9,'Trang chủ','TITLE 1','TITLE 2',1,'App\\Models\\Section','2024-04-15 02:34:37','2024-04-22 00:09:29'),(10,'trangchu','<p>Are you ready to conquer English with Cambridge IEC?<br />\nStart your path to success today by signing up for the class that&#39;s right for you!</p>','<p>Bạn sẵn s&agrave;ng chinh phục Tiếng Anh c&ugrave;ng Cambridge IEC chưa?<br />\nH&atilde;y bắt đầu con đường dẫn đến th&agrave;nh c&ocirc;ng ngay h&ocirc;m nay bằng c&aacute;ch đăng k&yacute; lớp học ph&ugrave; hợp với m&igrave;nh n&agrave;o!</p>',1,'App\\Models\\Section','2024-04-15 02:34:37','2024-04-22 00:15:29'),(11,'title1713174291','home','trang chủ',2,'App\\Models\\Content','2024-04-15 02:44:51','2024-04-15 02:44:51'),(12,'description1713174291','<p>Lorem ipsum dolor sit amet, consectetur adipiscing elit, sed do eiusmod tempor incididunt ut labore et dolore magna aliqua. Ut enim ad minim veniam, quis nostrud exercitation ullamco laboris nisi ut aliquip ex ea commodo consequat. Duis aute irure dolor in reprehenderit in voluptate velit esse cillum dolore eu fugiat nulla pariatur. Excepteur sint occaecat cupidatat non proident, sunt in culpa qui officia deserunt mollit anim id est laborum.</p>','<p>123&nbsp;Lorem ipsum dolor sit amet, consectetur adipiscing elit, sed do eiusmod tempor incididunt ut labore et dolore magna aliqua. Ut enim ad minim veniam, quis nostrud exercitation ullamco laboris nisi ut aliquip ex ea commodo consequat. Duis aute irure dolor in reprehenderit in voluptate velit esse cillum dolore eu fugiat nulla pariatur. Excepteur sint occaecat cupidatat non proident, sunt in culpa qui officia deserunt mollit anim id est laborum.</p>',2,'App\\Models\\Content','2024-04-15 02:44:51','2024-04-15 02:44:51'),(13,'sub_title1713174291',' ',' ',2,'App\\Models\\Content','2024-04-15 02:44:51','2024-04-15 02:44:51'),(14,'dangkytuvan','Sign up for consultation','Đăng ký tư vấn',NULL,NULL,'2024-04-15 02:57:36','2024-04-15 02:57:36'),(15,'kiemtratrinhdo','Level test','Kiểm tra trình độ',NULL,NULL,'2024-04-15 02:58:43','2024-04-15 02:58:43'),(16,'create_Course','Create Course','Tạo mới khóa học',NULL,NULL,'2024-04-16 18:52:10','2024-04-16 18:52:10'),(17,'update_Course','Update Course','Chỉnh sửa khóa học',NULL,NULL,'2024-04-16 18:52:35','2024-04-16 18:52:35'),(18,'sub_title','Subtitle','Phụ đề',NULL,NULL,'2024-04-16 18:54:57','2024-04-16 18:54:57'),(19,'title1713325973','khóa en 1','khóa 1',4,'App\\Models\\Course','2024-04-16 20:52:53','2024-04-16 20:52:53'),(20,'sub_title1713325973','sub en 1','sub 1',4,'App\\Models\\Course','2024-04-16 20:52:53','2024-04-16 20:52:53'),(21,'title1713324041',' ',' ',1,'App\\Models\\Course','2024-04-16 21:23:59','2024-04-22 19:54:06'),(22,'sub_title1713324041',' ',' ',1,'App\\Models\\Course','2024-04-16 21:23:59','2024-04-16 21:23:59'),(23,NULL,' ',' ',1,'App\\Models\\Course','2024-04-17 00:30:19','2024-04-22 20:21:56'),(24,'title1713339475','khoa 2','khóa 2',5,'App\\Models\\Course','2024-04-17 00:37:55','2024-04-17 00:37:55'),(25,'sub_title1713339475','sub 2','tieu de 2',5,'App\\Models\\Course','2024-04-17 00:37:55','2024-04-17 00:37:55'),(26,'info1713339475','<p>1</p>','<p>1</p>',5,'App\\Models\\Course','2024-04-17 00:37:55','2024-04-17 00:37:55'),(27,'roadmap1713339475','<table cellspacing=\"0\" style=\"border-collapse:collapse\">\n	<tbody>\n		<tr>\n			<td style=\"border-bottom:1px solid black; border-left:1px solid black; border-right:1px solid black; border-top:1px solid black; width:208px\">\n			<p><strong>Khối</strong></p>\n			</td>\n			<td style=\"border-bottom:1px solid black; border-left:none; border-right:1px solid black; border-top:1px solid black; width:208px\">\n			<p><strong>Cấp độ</strong></p>\n			</td>\n			<td style=\"border-bottom:1px solid black; border-left:none; border-right:1px solid black; border-top:1px solid black; width:208px\">\n			<p><strong>Thời gian</strong></p>\n			</td>\n		</tr>\n		<tr>\n			<td rowspan=\"4\" style=\"border-bottom:1px solid black; border-left:1px solid black; border-right:1px solid black; border-top:none; width:208px\">\n			<p>Trung học</p>\n			</td>\n			<td style=\"border-bottom:1px solid black; border-left:none; border-right:1px solid black; border-top:none; width:208px\">\n			<p>A2 n&acirc;ng cao</p>\n			</td>\n			<td style=\"border-bottom:1px solid black; border-left:none; border-right:1px solid black; border-top:none; width:208px\">\n			<p>9 th&aacute;ng</p>\n			</td>\n		</tr>\n		<tr>\n			<td style=\"border-bottom:1px solid black; border-left:none; border-right:1px solid black; border-top:none; width:208px\">\n			<p>B1 cơ bản</p>\n			</td>\n			<td style=\"border-bottom:1px solid black; border-left:none; border-right:1px solid black; border-top:none; width:208px\">\n			<p>9 th&aacute;ng</p>\n			</td>\n		</tr>\n		<tr>\n			<td style=\"border-bottom:1px solid black; border-left:none; border-right:1px solid black; border-top:none; width:208px\">\n			<p>B1 n&acirc;ng cao</p>\n			</td>\n			<td style=\"border-bottom:1px solid black; border-left:none; border-right:1px solid black; border-top:none; width:208px\">\n			<p>10 th&aacute;ng</p>\n			</td>\n		</tr>\n		<tr>\n			<td style=\"border-bottom:1px solid black; border-left:none; border-right:1px solid black; border-top:none; width:208px\">\n			<p>B1+</p>\n			</td>\n			<td style=\"border-bottom:1px solid black; border-left:none; border-right:1px solid black; border-top:none; width:208px\">\n			<p>10 th&aacute;ng</p>\n			</td>\n		</tr>\n		<tr>\n			<td rowspan=\"4\" style=\"border-bottom:1px solid black; border-left:1px solid black; border-right:1px solid black; border-top:none; width:208px\">\n			<p>IELTS</p>\n			</td>\n			<td style=\"border-bottom:1px solid black; border-left:none; border-right:1px solid black; border-top:none; width:208px\">\n			<p>Foundation</p>\n			</td>\n			<td style=\"border-bottom:1px solid black; border-left:none; border-right:1px solid black; border-top:none; width:208px\">\n			<p>6 th&aacute;ng</p>\n			</td>\n		</tr>\n		<tr>\n			<td style=\"border-bottom:1px solid black; border-left:none; border-right:1px solid black; border-top:none; width:208px\">\n			<p>4.5 &ndash; 5.5</p>\n			</td>\n			<td style=\"border-bottom:1px solid black; border-left:none; border-right:1px solid black; border-top:none; width:208px\">\n			<p>10 th&aacute;ng</p>\n			</td>\n		</tr>\n		<tr>\n			<td style=\"border-bottom:1px solid black; border-left:none; border-right:1px solid black; border-top:none; width:208px\">\n			<p>5.5 &ndash; 6.5</p>\n			</td>\n			<td style=\"border-bottom:1px solid black; border-left:none; border-right:1px solid black; border-top:none; width:208px\">\n			<p>10 th&aacute;ng</p>\n			</td>\n		</tr>\n		<tr>\n			<td style=\"border-bottom:1px solid black; border-left:none; border-right:1px solid black; border-top:none; width:208px\">\n			<p>6.5 &ndash; 7.5</p>\n			</td>\n			<td style=\"border-bottom:1px solid black; border-left:none; border-right:1px solid black; border-top:none; width:208px\">\n			<p>10 th&aacute;ng</p>\n			</td>\n		</tr>\n	</tbody>\n</table>','<table cellspacing=\"0\" style=\"border-collapse:collapse\">\n	<tbody>\n		<tr>\n			<td style=\"border-bottom:1px solid black; border-left:1px solid black; border-right:1px solid black; border-top:1px solid black; width:208px\">\n			<p><strong>Khối</strong></p>\n			</td>\n			<td style=\"border-bottom:1px solid black; border-left:none; border-right:1px solid black; border-top:1px solid black; width:208px\">\n			<p><strong>Cấp độ</strong></p>\n			</td>\n			<td style=\"border-bottom:1px solid black; border-left:none; border-right:1px solid black; border-top:1px solid black; width:208px\">\n			<p><strong>Thời gian</strong></p>\n			</td>\n		</tr>\n		<tr>\n			<td rowspan=\"4\" style=\"border-bottom:1px solid black; border-left:1px solid black; border-right:1px solid black; border-top:none; width:208px\">\n			<p>Trung học</p>\n			</td>\n			<td style=\"border-bottom:1px solid black; border-left:none; border-right:1px solid black; border-top:none; width:208px\">\n			<p>A2 n&acirc;ng cao</p>\n			</td>\n			<td style=\"border-bottom:1px solid black; border-left:none; border-right:1px solid black; border-top:none; width:208px\">\n			<p>9 th&aacute;ng</p>\n			</td>\n		</tr>\n		<tr>\n			<td style=\"border-bottom:1px solid black; border-left:none; border-right:1px solid black; border-top:none; width:208px\">\n			<p>B1 cơ bản</p>\n			</td>\n			<td style=\"border-bottom:1px solid black; border-left:none; border-right:1px solid black; border-top:none; width:208px\">\n			<p>9 th&aacute;ng</p>\n			</td>\n		</tr>\n		<tr>\n			<td style=\"border-bottom:1px solid black; border-left:none; border-right:1px solid black; border-top:none; width:208px\">\n			<p>B1 n&acirc;ng cao</p>\n			</td>\n			<td style=\"border-bottom:1px solid black; border-left:none; border-right:1px solid black; border-top:none; width:208px\">\n			<p>10 th&aacute;ng</p>\n			</td>\n		</tr>\n		<tr>\n			<td style=\"border-bottom:1px solid black; border-left:none; border-right:1px solid black; border-top:none; width:208px\">\n			<p>B1+</p>\n			</td>\n			<td style=\"border-bottom:1px solid black; border-left:none; border-right:1px solid black; border-top:none; width:208px\">\n			<p>10 th&aacute;ng</p>\n			</td>\n		</tr>\n		<tr>\n			<td rowspan=\"4\" style=\"border-bottom:1px solid black; border-left:1px solid black; border-right:1px solid black; border-top:none; width:208px\">\n			<p>IELTS</p>\n			</td>\n			<td style=\"border-bottom:1px solid black; border-left:none; border-right:1px solid black; border-top:none; width:208px\">\n			<p>Foundation</p>\n			</td>\n			<td style=\"border-bottom:1px solid black; border-left:none; border-right:1px solid black; border-top:none; width:208px\">\n			<p>6 th&aacute;ng</p>\n			</td>\n		</tr>\n		<tr>\n			<td style=\"border-bottom:1px solid black; border-left:none; border-right:1px solid black; border-top:none; width:208px\">\n			<p>4.5 &ndash; 5.5</p>\n			</td>\n			<td style=\"border-bottom:1px solid black; border-left:none; border-right:1px solid black; border-top:none; width:208px\">\n			<p>10 th&aacute;ng</p>\n			</td>\n		</tr>\n		<tr>\n			<td style=\"border-bottom:1px solid black; border-left:none; border-right:1px solid black; border-top:none; width:208px\">\n			<p>5.5 &ndash; 6.5</p>\n			</td>\n			<td style=\"border-bottom:1px solid black; border-left:none; border-right:1px solid black; border-top:none; width:208px\">\n			<p>10 th&aacute;ng</p>\n			</td>\n		</tr>\n		<tr>\n			<td style=\"border-bottom:1px solid black; border-left:none; border-right:1px solid black; border-top:none; width:208px\">\n			<p>6.5 &ndash; 7.5</p>\n			</td>\n			<td style=\"border-bottom:1px solid black; border-left:none; border-right:1px solid black; border-top:none; width:208px\">\n			<p>10 th&aacute;ng</p>\n			</td>\n		</tr>\n	</tbody>\n</table>',5,'App\\Models\\Course','2024-04-17 00:37:55','2024-04-17 00:37:55'),(28,'open_schedule1713339475','<p>344</p>','<p>3333</p>',5,'App\\Models\\Course','2024-04-17 00:37:55','2024-04-17 00:37:55'),(32,'description1713345993','Kĩ sư','Kĩ sư',1,'App\\Models\\Persons','2024-04-17 02:26:33','2024-04-23 00:01:26'),(33,'tutingiaotiep','Confident communication','Tự tin giao tiếp',NULL,NULL,'2024-04-18 19:53:28','2024-04-18 19:53:28'),(34,'namvungkienthuc','Master knowledge','Nắm vững kiến thức',NULL,NULL,'2024-04-18 19:55:29','2024-04-18 19:55:29'),(35,'morongtrithuc','Expand knowledge','Mở rộng tri thức',NULL,NULL,'2024-04-18 19:56:08','2024-04-18 19:56:08'),(36,'camket','Commit','Cam kết',NULL,NULL,'2024-04-18 20:28:27','2024-04-18 20:28:27'),(37,'ketquadaura','Build many practical benefits','Xây dựng nhiều lợi ích thiết thực',NULL,NULL,'2024-04-18 20:28:58','2024-04-23 00:02:48'),(38,'giaotrinh','Curriculum','Giáo trình',NULL,NULL,'2024-04-18 20:29:24','2024-04-18 20:29:24'),(39,'chuanquocte','International standard','Chuẩn quốc tế',NULL,NULL,'2024-04-18 20:29:46','2024-04-18 20:29:46'),(40,'doingu','Team','Đội ngũ',NULL,NULL,'2024-04-18 20:30:12','2024-04-18 20:30:12'),(41,'chuyenmon','Teachers are highly specialized','Giáo viên có chuyên môn cao',NULL,NULL,'2024-04-18 20:30:42','2024-04-18 20:30:42'),(42,'more','More','Tìm hiểu thêm',NULL,NULL,'2024-04-18 23:18:06','2024-04-18 23:18:06'),(43,'tamnhin','Vision','Tầm nhìn',NULL,NULL,'2024-04-18 23:43:30','2024-04-18 23:43:30'),(44,'text_tamnhin','Egestas elit dui scelerisque ut eu purus aliquam vitae habitasse.','Egestas elit dui scelerisque ut eu purus aliquam vitae habitasse.',NULL,NULL,'2024-04-18 23:43:47','2024-04-18 23:43:47'),(45,'sumenh','Mission','Sứ mệnh',NULL,NULL,'2024-04-18 23:44:23','2024-04-18 23:44:23'),(46,'giatri','Core values','Giá trị cốt lõi',NULL,NULL,'2024-04-18 23:44:48','2024-04-18 23:44:48'),(47,'road','The journey has passed','Chặng đường đã đi qua',NULL,NULL,'2024-04-18 23:45:15','2024-04-18 23:45:15'),(48,'title1713770856','Learn English together','Học Tiếng Anh cùng',3,'App\\Models\\Content','2024-04-22 00:27:36','2024-04-22 00:43:11'),(49,'description1713770856','<p>Are you ready to conquer English with Cambridge IEC?<br />\nStart your path to success today by signing up for the class that&#39;s right for you!</p>','<p>Bạn sẵn s&agrave;ng chinh phục Tiếng Anh c&ugrave;ng Cambridge IEC chưa?<br />\nH&atilde;y bắt đầu con đường dẫn đến th&agrave;nh c&ocirc;ng ngay h&ocirc;m nay bằng c&aacute;ch đăng k&yacute; lớp học ph&ugrave; hợp với m&igrave;nh n&agrave;o!</p>',3,'App\\Models\\Content','2024-04-22 00:27:36','2024-04-22 00:43:11'),(50,'sub_title1713770856','Cambridge IEC','Cambridge IEC',3,'App\\Models\\Content','2024-04-22 00:27:36','2024-04-22 00:43:11'),(51,'title1713771065','tab1','tab1',4,'App\\Models\\Content','2024-04-22 00:31:05','2024-04-22 00:31:05'),(52,'description1713771065','<p>Students studying</p>','<p>Học vi&ecirc;n theo học</p>',4,'App\\Models\\Content','2024-04-22 00:31:05','2024-04-22 00:31:05'),(53,'sub_title1713771065','25K +','25K +',4,'App\\Models\\Content','2024-04-22 00:31:05','2024-04-22 00:31:05'),(54,'title1713771105','tab2','tab2',5,'App\\Models\\Content','2024-04-22 00:31:45','2024-04-22 00:31:45'),(55,'description1713771105','<p>Teachers are highly specialized</p>','<p>Teachers are highly specialized</p>',5,'App\\Models\\Content','2024-04-22 00:31:45','2024-04-22 00:32:16'),(56,'sub_title1713771105','600+','600+',5,'App\\Models\\Content','2024-04-22 00:31:45','2024-04-22 00:32:16'),(57,'title1713771181','tab3','tab3',6,'App\\Models\\Content','2024-04-22 00:33:02','2024-04-22 00:33:02'),(58,'description1713771181','<p>Students achieve high IELTS scores</p>','<p>Học vi&ecirc;n đạt điểm IELTS cao</p>',6,'App\\Models\\Content','2024-04-22 00:33:02','2024-04-22 00:33:02'),(59,'sub_title1713771181','18K+','18K+',6,'App\\Models\\Content','2024-04-22 00:33:02','2024-04-22 00:33:02'),(60,'title1713772803','About Us','Về chúng tôi',3,'App\\Models\\Section','2024-04-22 01:00:03','2024-04-22 01:00:03'),(61,'description1713772803',' ',' ',3,'App\\Models\\Section','2024-04-22 01:00:03','2024-04-22 01:01:55'),(62,'sub_title1713772803',' ',' ',3,'App\\Models\\Section','2024-04-22 01:00:03','2024-04-22 01:01:55'),(63,'title1713772932','About Us','Về chúng tôi',7,'App\\Models\\Content','2024-04-22 01:02:12','2024-04-22 01:02:12'),(64,'description1713772932','<p>Established in 2009, English training center for Preschool - Primary - Secondary - IELTS levels. Cambridge IEC is proud to be an official partner of IDP and the British Council since 2010. Over the years, Cambridge IEC has become a reliable address to help you register for the IELTS test nationwide, especially in the region. Hanoi.</p>','<p>Th&agrave;nh lập từ năm 2009, Trung t&acirc;m đ&agrave;o tạo Tiếng Anh c&aacute;c cấp độ Mầm non - Tiểu học - Trung học - IELTS. Cambridge IEC tự h&agrave;o khi l&agrave; đối t&aacute;c ch&iacute;nh thức của IDP v&agrave; Hội Đồng Anh từ 2010. Trong những năm qua, Cambridge IEC đ&atilde; trở th&agrave;nh địa chỉ đ&aacute;ng tin cậy gi&uacute;p c&aacute;c bạn đăng k&yacute; thi IELTS tr&ecirc;n to&agrave;n quốc, đặc biệt l&agrave; khu vực H&agrave; Nội.</p>',7,'App\\Models\\Content','2024-04-22 01:02:12','2024-04-22 01:02:12'),(65,'sub_title1713772932','CAMBRIDGE IEC ENGLISH CENTRE','CAMBRIDGE IEC ENGLISH CENTRE',7,'App\\Models\\Content','2024-04-22 01:02:12','2024-04-22 01:02:12'),(66,'title1713773089','See','Tầm nhìn',8,'App\\Models\\Content','2024-04-22 01:04:49','2024-04-22 01:04:49'),(67,'description1713773089',' ',' ',8,'App\\Models\\Content','2024-04-22 01:04:49','2024-04-22 01:04:49'),(68,'sub_title1713773089','Egestas elit dui scelerisque ut eu purus aliquam vitae habitasse.','Egestas elit dui scelerisque ut eu purus aliquam vitae habitasse.',8,'App\\Models\\Content','2024-04-22 01:04:49','2024-04-22 01:04:49'),(69,'title1713773116','Mission','sứ mệnh',9,'App\\Models\\Content','2024-04-22 01:05:16','2024-04-22 01:05:16'),(70,'description1713773116',' ',' ',9,'App\\Models\\Content','2024-04-22 01:05:16','2024-04-22 01:05:16'),(71,'sub_title1713773116','Egestas elit dui scelerisque ut eu purus aliquam vitae habitasse.','Egestas elit dui scelerisque ut eu purus aliquam vitae habitasse.',9,'App\\Models\\Content','2024-04-22 01:05:16','2024-04-22 01:05:16'),(72,'title1713773146','Core Value','Giá trị cốt lõi',10,'App\\Models\\Content','2024-04-22 01:05:46','2024-04-22 01:05:46'),(73,'description1713773146',' ',' ',10,'App\\Models\\Content','2024-04-22 01:05:46','2024-04-22 01:05:46'),(74,'sub_title1713773146','Egestas elit dui scelerisque ut eu purus aliquam vitae habitasse.','Egestas elit dui scelerisque ut eu purus aliquam vitae habitasse.',10,'App\\Models\\Content','2024-04-22 01:05:46','2024-04-22 01:05:47'),(75,'title1713773174','The journey has gone','Chặng đường đã đi',11,'App\\Models\\Content','2024-04-22 01:06:14','2024-04-22 01:06:14'),(76,'description1713773174',' ',' ',11,'App\\Models\\Content','2024-04-22 01:06:14','2024-04-22 01:06:14'),(77,'sub_title1713773174','Egestas elit dui scelerisque ut eu purus aliquam vitae habitasse.','Egestas elit dui scelerisque ut eu purus aliquam vitae habitasse.',11,'App\\Models\\Content','2024-04-22 01:06:14','2024-04-22 01:06:14'),(78,'title1713777212','Discover','Khám phá',4,'App\\Models\\Section','2024-04-22 02:13:32','2024-04-22 02:15:02'),(79,'description1713777212','<p>C&aacute;c kho&aacute; học thực chiến, lộ tr&igrave;nh b&agrave;i bản cung cấp kiến thức v&agrave; kỹ năng đ&aacute;p ứng nhu cầu của thị trường</p>','<p>C&aacute;c kho&aacute; học thực chiến, lộ tr&igrave;nh b&agrave;i bản cung cấp kiến thức v&agrave; kỹ năng đ&aacute;p ứng nhu cầu của thị trường</p>',4,'App\\Models\\Section','2024-04-22 02:13:32','2024-04-22 02:15:02'),(80,'sub_title1713777212','Course','Khóa học',4,'App\\Models\\Section','2024-04-22 02:13:32','2024-04-22 02:15:02'),(81,'title1713777366','Trung học','Trung học',12,'App\\Models\\Content','2024-04-22 02:16:06','2024-04-22 02:16:06'),(82,'description1713777366','<p>Tham gia kh&oacute;a học tiếng anh A2 n&acirc;ng cao của Cambridge IEC, học vi&ecirc;n sẽ được...</p>','<p>Tham gia kh&oacute;a học tiếng anh A2 n&acirc;ng cao của Cambridge IEC, học vi&ecirc;n sẽ được...</p>',12,'App\\Models\\Content','2024-04-22 02:16:06','2024-04-22 02:16:06'),(83,'sub_title1713777366','Course A2','Khóa học A2 nâng cao',12,'App\\Models\\Content','2024-04-22 02:16:06','2024-04-22 02:16:06'),(84,'xemthemkhoahoc','More course','Xem thêm khóa học',NULL,NULL,'2024-04-22 03:36:19','2024-04-22 03:36:19'),(85,'title1713324145','Luyện Thi IELTS','Luyện Thi IELTS',2,'App\\Models\\Course','2024-04-22 19:10:04','2024-04-22 20:20:01'),(86,'sub_title1713324145','Tương tác cao giữa học viên và giáo viên giúp học viên đảm bảo chắc chắn hiểu bài giảng mà còn giúp tăng tốc sự tiến bộ của từng học viên.','Tương tác cao giữa học viên và giáo viên giúp học viên đảm bảo chắc chắn hiểu bài giảng mà còn giúp tăng tốc sự tiến bộ của từng học viên.',2,'App\\Models\\Course','2024-04-22 19:10:04','2024-04-22 20:20:01'),(87,'title1713324171',' ',' ',3,'App\\Models\\Course','2024-04-22 19:10:52','2024-04-22 19:10:52'),(88,'sub_title1713324171',' ',' ',3,'App\\Models\\Course','2024-04-22 19:10:52','2024-04-22 19:10:52'),(89,'title1713842684','Tiếng anh THCS','Tiếng anh THCS',6,'App\\Models\\Course','2024-04-22 20:24:44','2024-04-22 20:24:45'),(90,'sub_title1713842684','Luyện thi IELTS','Luyện thi IELTS',6,'App\\Models\\Course','2024-04-22 20:24:45','2024-04-22 20:24:45'),(91,'info1713842684','<p>Chương tr&igrave;nh gồm 4 cấp độ, tương ứng với c&aacute;c tr&igrave;nh độ IELTS Foundation, 4.0 &ndash; 5.0 IELTS, 5.0 &ndash; 6.0 IELTS, 6.0 &ndash; 7.0+ IELTS</p>\r\n\r\n<p><strong>Kỹ năng Đọc</strong><strong>:</strong></p>\r\n\r\n<p>- Nhận biết v&agrave; l&agrave;m quen với c&aacute;c dạng b&agrave;i đọc.</p>\r\n\r\n<p>- Nhận biết v&agrave; l&agrave;m quen với 13 dạng c&acirc;u hỏi.</p>\r\n\r\n<p>- Học, luyện tập c&aacute;ch l&agrave;m b&agrave;i cụ thể với từng dạng c&acirc;u hỏi.</p>\r\n\r\n<p>- Luyện tập th&agrave;nh thạo tất cả c&aacute;c dạng b&agrave;i trong thời gian đ&uacute;ng quy định.</p>\r\n\r\n<p><strong>Kỹ năng Nghe</strong><strong>:</strong></p>\r\n\r\n<p>- Nhận biết v&agrave; l&agrave;m quen với 4 phần của b&agrave;i nghe.</p>\r\n\r\n<p>- Nhận biết v&agrave; l&agrave;m quen với 6 dạng c&acirc;u hỏi.</p>\r\n\r\n<p>- Học, luyện tập c&aacute;ch l&agrave;m b&agrave;i cụ thể với từng dạng c&acirc;u hỏi.</p>\r\n\r\n<p>- Luyện tập th&agrave;nh thạo tất cả c&aacute;c dạng b&agrave;i trong thời gian đ&uacute;ng quy định.</p>\r\n\r\n<p><strong>Kỹ năng Viết</strong><strong>:</strong></p>\r\n\r\n<p>&nbsp;</p>\r\n\r\n<p>- Học bố cục 2 dạng đề (Biểu đồ + Văn nghị luận)</p>\r\n\r\n<p>- Sử dụng từ vựng, mẫu c&acirc;u để tập viết c&aacute;c phần trong mỗi dạng đề.</p>\r\n\r\n<p>- Sử dụng từ vựng, mẫu c&acirc;u để gh&eacute;p c&aacute;c phần th&agrave;nh b&agrave;i văn ho&agrave;n chỉnh</p>\r\n\r\n<p>- Luyện tập viết trong đ&uacute;ng thời gian quy định.</p>\r\n\r\n<p><strong>Kỹ năng N&oacute;i:</strong></p>\r\n\r\n<p>- L&agrave;m quen với dạng c&acirc;u hỏi trong 3 phần của b&agrave;i thi.</p>\r\n\r\n<p>- Luyện tập n&oacute;i trong đ&uacute;ng thời gian quy định.</p>','<p>Chương tr&igrave;nh gồm 4 cấp độ, tương ứng với c&aacute;c tr&igrave;nh độ IELTS Foundation, 4.0 &ndash; 5.0 IELTS, 5.0 &ndash; 6.0 IELTS, 6.0 &ndash; 7.0+ IELTS</p>\r\n\r\n<p><strong>Kỹ năng Đọc</strong><strong>:</strong></p>\r\n\r\n<p>- Nhận biết v&agrave; l&agrave;m quen với c&aacute;c dạng b&agrave;i đọc.</p>\r\n\r\n<p>- Nhận biết v&agrave; l&agrave;m quen với 13 dạng c&acirc;u hỏi.</p>\r\n\r\n<p>- Học, luyện tập c&aacute;ch l&agrave;m b&agrave;i cụ thể với từng dạng c&acirc;u hỏi.</p>\r\n\r\n<p>- Luyện tập th&agrave;nh thạo tất cả c&aacute;c dạng b&agrave;i trong thời gian đ&uacute;ng quy định.</p>\r\n\r\n<p><strong>Kỹ năng Nghe</strong><strong>:</strong></p>\r\n\r\n<p>- Nhận biết v&agrave; l&agrave;m quen với 4 phần của b&agrave;i nghe.</p>\r\n\r\n<p>- Nhận biết v&agrave; l&agrave;m quen với 6 dạng c&acirc;u hỏi.</p>\r\n\r\n<p>- Học, luyện tập c&aacute;ch l&agrave;m b&agrave;i cụ thể với từng dạng c&acirc;u hỏi.</p>\r\n\r\n<p>- Luyện tập th&agrave;nh thạo tất cả c&aacute;c dạng b&agrave;i trong thời gian đ&uacute;ng quy định.</p>\r\n\r\n<p><strong>Kỹ năng Viết</strong><strong>:</strong></p>\r\n\r\n<p>&nbsp;</p>\r\n\r\n<p>- Học bố cục 2 dạng đề (Biểu đồ + Văn nghị luận)</p>\r\n\r\n<p>- Sử dụng từ vựng, mẫu c&acirc;u để tập viết c&aacute;c phần trong mỗi dạng đề.</p>\r\n\r\n<p>- Sử dụng từ vựng, mẫu c&acirc;u để gh&eacute;p c&aacute;c phần th&agrave;nh b&agrave;i văn ho&agrave;n chỉnh</p>\r\n\r\n<p>- Luyện tập viết trong đ&uacute;ng thời gian quy định.</p>\r\n\r\n<p><strong>Kỹ năng N&oacute;i:</strong></p>\r\n\r\n<p>- L&agrave;m quen với dạng c&acirc;u hỏi trong 3 phần của b&agrave;i thi.</p>\r\n\r\n<p>- Luyện tập n&oacute;i trong đ&uacute;ng thời gian quy định.</p>',6,'App\\Models\\Course','2024-04-22 20:24:45','2024-04-22 20:24:45'),(92,'roadmap1713842684',' ',' ',6,'App\\Models\\Course','2024-04-22 20:24:45','2024-04-22 20:24:45'),(93,'open_schedule1713842684',' ',' ',6,'App\\Models\\Course','2024-04-22 20:24:45','2024-04-22 20:24:45'),(94,'title1713845018','TIẾNG ANH MẦM NON','TIẾNG ANH MẦM NON',7,'App\\Models\\Course','2024-04-22 21:03:38','2024-04-22 21:03:39'),(95,'sub_title1713845018','lứa tuổi Mầm Non','lứa tuổi Mầm Non',7,'App\\Models\\Course','2024-04-22 21:03:39','2024-04-22 21:10:53'),(96,'info1713845018',' ',' ',7,'App\\Models\\Course','2024-04-22 21:03:39','2024-04-22 21:03:39'),(97,'roadmap1713845018',' ',' ',7,'App\\Models\\Course','2024-04-22 21:03:39','2024-04-22 21:03:39'),(98,'open_schedule1713845018',' ',' ',7,'App\\Models\\Course','2024-04-22 21:03:39','2024-04-22 21:03:39'),(99,'title1713852685','Reason','Lý do',5,'App\\Models\\Section','2024-04-22 23:11:25','2024-04-22 23:11:25'),(100,'description1713852685',' ',' ',5,'App\\Models\\Section','2024-04-22 23:11:25','2024-04-22 23:11:25'),(101,'sub_title1713852685','HỌC VIÊN CHỌN CAMBRIDGE IEC','HỌC VIÊN CHỌN CAMBRIDGE IEC',5,'App\\Models\\Section','2024-04-22 23:11:25','2024-04-22 23:11:25'),(102,'title1713852816','Commit','Cam kết',13,'App\\Models\\Content','2024-04-22 23:13:36','2024-04-22 23:13:36'),(103,'description1713852816',' ',' ',13,'App\\Models\\Content','2024-04-22 23:13:36','2024-04-22 23:13:36'),(104,'sub_title1713852816','Malesuada facilisi libero, nam eu. Quis pellentesque tortor a elementum ut blandit sed pellentesque arcu. Malesuada in faucibus risus velit diam. Non, massa ut a arcu, fermentum.','Malesuada facilisi libero, nam eu. Quis pellentesque tortor a elementum ut blandit sed pellentesque arcu. Malesuada in faucibus risus velit diam. Non, massa ut a arcu, fermentum.',13,'App\\Models\\Content','2024-04-22 23:13:36','2024-04-22 23:13:36'),(105,'title1713852880','Teachers','Đội ngũ giáo viên',14,'App\\Models\\Content','2024-04-22 23:14:40','2024-04-22 23:14:40'),(106,'description1713852880',' ',' ',14,'App\\Models\\Content','2024-04-22 23:14:40','2024-04-22 23:14:40'),(107,'sub_title1713852880','Malesuada facilisi libero, nam eu. Quis pellentesque tortor a elementum ut blandit sed pellentesque arcu. Malesuada in faucibus risus velit diam. Non, massa ut a arcu, fermentum.','Malesuada facilisi libero, nam eu. Quis pellentesque tortor a elementum ut blandit sed pellentesque arcu. Malesuada in faucibus risus velit diam. Non, massa ut a arcu, fermentum.',14,'App\\Models\\Content','2024-04-22 23:14:40','2024-04-22 23:14:40'),(108,'title1713852978','curriculum','Giáo trình',15,'App\\Models\\Content','2024-04-22 23:16:18','2024-04-22 23:16:18'),(109,'description1713852978','<p>Malesuada facilisi libero, nam eu. Quis pellentesque tortor a elementum ut blandit sed pellentesque arcu. Malesuada in faucibus risus velit diam. Non, massa ut a arcu, fermentum.</p>','<p>Malesuada facilisi libero, nam eu. Quis pellentesque tortor a elementum ut blandit sed pellentesque arcu. Malesuada in faucibus risus velit diam. Non, massa ut a arcu, fermentum.</p>',15,'App\\Models\\Content','2024-04-22 23:16:18','2024-04-22 23:16:18'),(110,'sub_title1713852978',' ',' ',15,'App\\Models\\Content','2024-04-22 23:16:18','2024-04-22 23:16:18'),(111,'title1713853020','test','test',16,'App\\Models\\Content','2024-04-22 23:17:00','2024-04-22 23:17:00'),(112,'description1713853020',' ',' ',16,'App\\Models\\Content','2024-04-22 23:17:00','2024-04-22 23:17:00'),(113,'sub_title1713853020','Malesuada facilisi libero, nam eu. Quis pellentesque tortor a elementum ut blandit sed pellentesque arcu. Malesuada in faucibus risus velit diam. Non, massa ut a arcu, fermentum.','Malesuada facilisi libero, nam eu. Quis pellentesque tortor a elementum ut blandit sed pellentesque arcu. Malesuada in faucibus risus velit diam. Non, massa ut a arcu, fermentum.',16,'App\\Models\\Content','2024-04-22 23:17:00','2024-04-22 23:17:00'),(114,'description1713853865','Thạc sĩ','Thạc sĩ',2,'App\\Models\\Persons','2024-04-22 23:31:05','2024-04-23 00:05:54'),(115,'description1713854313','Thạc sĩ','Thạc sĩ',3,'App\\Models\\Persons','2024-04-22 23:38:33','2024-04-23 00:06:07'),(116,'title1713854518','Team','Đội ngũ',6,'App\\Models\\Section','2024-04-22 23:41:58','2024-04-22 23:41:58'),(117,'description1713854518',' ',' ',6,'App\\Models\\Section','2024-04-22 23:41:58','2024-04-22 23:41:58'),(118,'sub_title1713854518','GIÁO VIÊN CAMBRIDGE IEC','GIÁO VIÊN CAMBRIDGE IEC',6,'App\\Models\\Section','2024-04-22 23:41:58','2024-04-22 23:41:58'),(119,'description1713856007','Thạc sĩ ANh Quốc','Thạc sĩ ANh Quốc',4,'App\\Models\\Persons','2024-04-23 00:06:47','2024-04-23 00:06:47'),(120,'description1713856083','Lớp 11 THPT Tân Lập','Lớp 11 THPT Tân Lập',5,'App\\Models\\Persons','2024-04-23 00:08:03','2024-04-23 00:08:03'),(121,'description1713856429','Kĩ sư','Kĩ sư',6,'App\\Models\\Persons','2024-04-23 00:13:49','2024-04-23 00:13:49'),(122,'description1713856888','THPT Bắc Ninh','THPT Bắc Ninh',7,'App\\Models\\Persons','2024-04-23 00:21:28','2024-04-23 00:21:28'),(123,'title1713857031','Student','Học viên',7,'App\\Models\\Section','2024-04-23 00:23:51','2024-04-23 00:23:51'),(124,'description1713857031','<p>Lorem ipsum dolor sit amet, consectetur adipiscing elit, sed do eiusmod tempor incididunt ut labore et dolore magna aliqua. Ut enim ad minim veniam, quis nostrud exercitation ullamco laboris nisi ut aliquip ex ea commodo consequat. Duis aute irure dolor in reprehenderit in voluptate</p>','<p>Lorem ipsum dolor sit amet, consectetur adipiscing elit, sed do eiusmod tempor incididunt ut labore et dolore magna aliqua. Ut enim ad minim veniam, quis nostrud exercitation ullamco laboris nisi ut aliquip ex ea commodo consequat. Duis aute irure dolor in reprehenderit in voluptate</p>',7,'App\\Models\\Section','2024-04-23 00:23:51','2024-04-23 00:23:51'),(125,'sub_title1713857031','HỌC VIÊN XUẤT SẮC','HỌC VIÊN XUẤT SẮC',7,'App\\Models\\Section','2024-04-23 00:23:51','2024-04-23 00:23:51'),(126,'description1713857428','Vượt cấp từ Stage 3 lên stage 5','Vượt cấp từ Stage 3 lên stage 5',8,'App\\Models\\Persons','2024-04-23 00:30:28','2024-04-23 00:30:28'),(127,'description1713857550','Hoàn thành xuất sắc kì thi tuyển sinh vào lớp 6 với nhiều thành tích đáng kể','Hoàn thành xuất sắc kì thi tuyển sinh vào lớp 6 với nhiều thành tích đáng kể',9,'App\\Models\\Persons','2024-04-23 00:32:30','2024-04-23 00:32:30'),(128,'description1713857622','Thí sinh Việt Nam thứ 2 đỗ London School of Economics & Political Science','Thí sinh Việt Nam thứ 2 đỗ London School of Economics & Political Science',10,'App\\Models\\Persons','2024-04-23 00:33:42','2024-04-23 00:33:42'),(129,'title1713857807','Partner','Đối tác',8,'App\\Models\\Section','2024-04-23 00:36:47','2024-04-23 00:36:47'),(130,'description1713857807','<p>Lorem ipsum dolor sit amet, consectetur adipiscing elit, sed do eiusmod tempor incididunt ut labore et dolore magna aliqua.</p>','<p>Lorem ipsum dolor sit amet, consectetur adipiscing elit, sed do eiusmod tempor incididunt ut labore et dolore magna aliqua.</p>',8,'App\\Models\\Section','2024-04-23 00:36:47','2024-04-23 00:36:47'),(131,'sub_title1713857807','ĐỐI TÁC CỦA CAMBRIDGE','ĐỐI TÁC CỦA CAMBRIDGE',8,'App\\Models\\Section','2024-04-23 00:36:47','2024-04-23 00:36:47'),(132,'title1713857852','Activity','Hoạt động',9,'App\\Models\\Section','2024-04-23 00:37:32','2024-04-23 00:37:32'),(133,'description1713857852','<p>Tại Cambridge IEC kh&ocirc;ng chỉ đầu tư v&agrave;o chất lượng của mỗi buổi học tại lớp m&agrave; c&aacute;c hoạt động ngoại kh&oacute;a cũng được ch&uacute;ng t&ocirc;i đặc biệt ch&uacute; trọng</p>','<p>Tại Cambridge IEC kh&ocirc;ng chỉ đầu tư v&agrave;o chất lượng của mỗi buổi học tại lớp m&agrave; c&aacute;c hoạt động ngoại kh&oacute;a cũng được ch&uacute;ng t&ocirc;i đặc biệt ch&uacute; trọng</p>',9,'App\\Models\\Section','2024-04-23 00:37:32','2024-04-23 00:37:32'),(134,'sub_title1713857852','GIÁO DỤC TRẢI NGHIỆM','GIÁO DỤC TRẢI NGHIỆM',9,'App\\Models\\Section','2024-04-23 00:37:32','2024-04-23 00:37:32'),(135,'title1713857999','p1','p1',17,'App\\Models\\Content','2024-04-23 00:39:59','2024-04-23 00:39:59'),(136,'description1713857999',' ',' ',17,'App\\Models\\Content','2024-04-23 00:39:59','2024-04-23 00:39:59'),(137,'sub_title1713857999',' ',' ',17,'App\\Models\\Content','2024-04-23 00:39:59','2024-04-23 00:39:59'),(138,'title1713858009','p2','p2',18,'App\\Models\\Content','2024-04-23 00:40:09','2024-04-23 00:40:09'),(139,'description1713858009',' ',' ',18,'App\\Models\\Content','2024-04-23 00:40:09','2024-04-23 00:40:09'),(140,'sub_title1713858009',' ',' ',18,'App\\Models\\Content','2024-04-23 00:40:09','2024-04-23 00:40:09'),(141,'title1713858019','p3','p3',19,'App\\Models\\Content','2024-04-23 00:40:19','2024-04-23 00:40:19'),(142,'description1713858019',' ',' ',19,'App\\Models\\Content','2024-04-23 00:40:19','2024-04-23 00:40:19'),(143,'sub_title1713858019',' ',' ',19,'App\\Models\\Content','2024-04-23 00:40:19','2024-04-23 00:40:19'),(144,'title1713858033','p4','p4',20,'App\\Models\\Content','2024-04-23 00:40:33','2024-04-23 00:40:33'),(145,'description1713858033',' ',' ',20,'App\\Models\\Content','2024-04-23 00:40:33','2024-04-23 00:40:33'),(146,'sub_title1713858033',' ',' ',20,'App\\Models\\Content','2024-04-23 00:40:33','2024-04-23 00:40:33'),(147,'title1713858047','p5','p5',21,'App\\Models\\Content','2024-04-23 00:40:47','2024-04-23 00:40:47'),(148,'description1713858047',' ',' ',21,'App\\Models\\Content','2024-04-23 00:40:47','2024-04-23 00:40:47'),(149,'sub_title1713858047',' ',' ',21,'App\\Models\\Content','2024-04-23 00:40:47','2024-04-23 00:40:47'),(150,'title1713858060','p6','p6',22,'App\\Models\\Content','2024-04-23 00:41:00','2024-04-23 00:41:00'),(151,'description1713858060',' ',' ',22,'App\\Models\\Content','2024-04-23 00:41:00','2024-04-23 00:41:00'),(152,'sub_title1713858060',' ',' ',22,'App\\Models\\Content','2024-04-23 00:41:00','2024-04-23 00:41:00'),(153,'title1713858075','p7','p7',23,'App\\Models\\Content','2024-04-23 00:41:15','2024-04-23 00:41:15'),(154,'description1713858075',' ',' ',23,'App\\Models\\Content','2024-04-23 00:41:15','2024-04-23 00:41:15'),(155,'sub_title1713858075',' ',' ',23,'App\\Models\\Content','2024-04-23 00:41:15','2024-04-23 00:41:15'),(156,'title1713858088','p8','p8',24,'App\\Models\\Content','2024-04-23 00:41:28','2024-04-23 00:41:28'),(157,'description1713858088',' ',' ',24,'App\\Models\\Content','2024-04-23 00:41:28','2024-04-23 00:41:28'),(158,'sub_title1713858088',' ',' ',24,'App\\Models\\Content','2024-04-23 00:41:28','2024-04-23 00:41:28'),(159,'title1713858098','p9','p9',25,'App\\Models\\Content','2024-04-23 00:41:38','2024-04-23 00:41:38'),(160,'description1713858098',' ',' ',25,'App\\Models\\Content','2024-04-23 00:41:38','2024-04-23 00:41:38'),(161,'sub_title1713858098',' ',' ',25,'App\\Models\\Content','2024-04-23 00:41:38','2024-04-23 00:41:38'),(162,'title1713858550','camp1','camp1',26,'App\\Models\\Content','2024-04-23 00:49:10','2024-04-23 00:49:10'),(163,'description1713858550',' ',' ',26,'App\\Models\\Content','2024-04-23 00:49:10','2024-04-23 00:49:10'),(164,'sub_title1713858550',' ',' ',26,'App\\Models\\Content','2024-04-23 00:49:10','2024-04-23 00:49:10'),(165,'title1713858562','camp2','camp2',27,'App\\Models\\Content','2024-04-23 00:49:22','2024-04-23 00:49:22'),(166,'description1713858562',' ',' ',27,'App\\Models\\Content','2024-04-23 00:49:22','2024-04-23 00:49:22'),(167,'sub_title1713858562',' ',' ',27,'App\\Models\\Content','2024-04-23 00:49:22','2024-04-23 00:49:22'),(168,'title1713858574','camp3','camp3',28,'App\\Models\\Content','2024-04-23 00:49:34','2024-04-23 00:49:34'),(169,'description1713858574',' ',' ',28,'App\\Models\\Content','2024-04-23 00:49:34','2024-04-23 00:49:34'),(170,'sub_title1713858574',' ',' ',28,'App\\Models\\Content','2024-04-23 00:49:34','2024-04-23 00:49:34'),(173,'title1713860670','home','home',10,'App\\Models\\Section','2024-04-23 01:24:30','2024-04-23 01:24:30'),(174,'description1713860670',' ',' ',10,'App\\Models\\Section','2024-04-23 01:24:30','2024-04-23 01:24:30'),(175,'sub_title1713860670',' ',' ',10,'App\\Models\\Section','2024-04-23 01:24:30','2024-04-23 01:24:30'),(176,'title1713860719','Learn English together','Học Tiếng Anh cùng',29,'App\\Models\\Content','2024-04-23 01:25:19','2024-04-23 01:25:19'),(177,'description1713860719','<p>Are you ready to conquer English with Cambridge IEC?<br />\r\nStart your path to success today by signing up for the class that&#39;s right for you!</p>','<p>Bạn sẵn s&agrave;ng chinh phục Tiếng Anh c&ugrave;ng Cambridge IEC chưa?<br />\r\nH&atilde;y bắt đầu con đường dẫn đến th&agrave;nh c&ocirc;ng ngay h&ocirc;m nay bằng c&aacute;ch đăng k&yacute; lớp học ph&ugrave; hợp với m&igrave;nh n&agrave;o!</p>',29,'App\\Models\\Content','2024-04-23 01:25:19','2024-04-23 01:25:19'),(178,'sub_title1713860719','Cambridge IEC','Cambridge IEC',29,'App\\Models\\Content','2024-04-23 01:25:19','2024-04-23 01:25:19'),(179,'title1713863102','Share','Chia sẻ',11,'App\\Models\\Section','2024-04-23 02:05:02','2024-04-23 02:05:02'),(180,'description1713863102','<p>Let&#39;s listen to what parents and students feel about the training program at Cambridge IEC</p>','<p>C&ugrave;ng lắng nghe cảm nhận của phụ huynh v&agrave; học vi&ecirc;n về chương tr&igrave;nh đạo tạo tại Cambridge IEC</p>',11,'App\\Models\\Section','2024-04-23 02:05:02','2024-04-23 02:05:02'),(181,'sub_title1713863102','PERCEPTIONS OF PARENTS/STUDENTS','CẢM NHẬN CỦA PHỤ HUYNH/ HỌC VIÊN',11,'App\\Models\\Section','2024-04-23 02:05:02','2024-04-23 02:05:02'),(182,'title1713863205','Chị Nguyễn Ngọc Phương Khuyên','Chị Nguyễn Ngọc Phương Khuyên',30,'App\\Models\\Content','2024-04-23 02:06:46','2024-04-23 02:06:46'),(183,'description1713863205','<p>Đ&acirc;y l&agrave; lần đầu ti&ecirc;n Khang học tiếng Anh, tuy vậy ch&aacute;u rất h&agrave;o hứng v&agrave; th&iacute;ch th&uacute;. Ch&aacute;u cũng bắt đầu bi b&ocirc; n&oacute;i những từ tiếng Anh ở nh&agrave; khi gặp những đồ vật m&agrave; ch&aacute;u đ&atilde; được học ở tr&ecirc;n lớp v&agrave; li&ecirc;n tục hỏi bố mẹ c&aacute;i n&agrave;y, c&aacute;i kia tiếng Anh l&agrave; g&igrave;. Kh&aacute;nh lu&ocirc;n mong đến ng&agrave;y thứ bảy để được đi học tiếng Anh tại Cambridge IEC. Gia đ&igrave;nh ch&uacute;ng t&ocirc;i cũng rất vui với sự hứng th&uacute; học của ch&aacute;u.</p>','<p>Đ&acirc;y l&agrave; lần đầu ti&ecirc;n Khang học tiếng Anh, tuy vậy ch&aacute;u rất h&agrave;o hứng v&agrave; th&iacute;ch th&uacute;. Ch&aacute;u cũng bắt đầu bi b&ocirc; n&oacute;i những từ tiếng Anh ở nh&agrave; khi gặp những đồ vật m&agrave; ch&aacute;u đ&atilde; được học ở tr&ecirc;n lớp v&agrave; li&ecirc;n tục hỏi bố mẹ c&aacute;i n&agrave;y, c&aacute;i kia tiếng Anh l&agrave; g&igrave;. Kh&aacute;nh lu&ocirc;n mong đến ng&agrave;y thứ bảy để được đi học tiếng Anh tại Cambridge IEC. Gia đ&igrave;nh ch&uacute;ng t&ocirc;i cũng rất vui với sự hứng th&uacute; học của ch&aacute;u.</p>',30,'App\\Models\\Content','2024-04-23 02:06:46','2024-04-23 02:06:46'),(184,'sub_title1713863205','Phụ huynh cháu Phạm Quốc Khang (5 tuổi) – học viên lớp Tiếng Anh Mẫu Giáo Pre Starter 1 tại Cambridge IEC','Phụ huynh cháu Phạm Quốc Khang (5 tuổi) – học viên lớp Tiếng Anh Mẫu Giáo Pre Starter 1 tại Cambridge IEC',30,'App\\Models\\Content','2024-04-23 02:06:46','2024-04-23 02:06:46'),(185,'title1713863233','Anh Nguyễn Trung Bình','Anh Nguyễn Trung Bình',31,'App\\Models\\Content','2024-04-23 02:07:13','2024-04-23 02:07:13'),(186,'description1713863233','<p>Khi mới đưa con đi học tiếng Anh tại Cambridge IEC, t&ocirc;i cũng c&ograve;n hơi lo lắng v&igrave; ch&aacute;u chưa học với gi&aacute;o vi&ecirc;n nước ngo&agrave;i bao giờ. Tuy nhi&ecirc;n thấy lớp học rất vui vẻ, h&agrave;o hứng, t&ocirc;i cũng thấy y&ecirc;n t&acirc;m hơn. Hết nửa kh&oacute;a học, t&ocirc;i ngạc nhi&ecirc;n v&igrave; sự tiến bộ của ch&acirc;u. Giờ đ&acirc;y con đ&atilde; h&aacute;t được rất nhiều b&agrave;i h&aacute;t tiếng Anh v&agrave; c&ograve;n dạy cả tiếng Anh cho bố mẹ.</p>','<p>Khi mới đưa con đi học tiếng Anh tại Cambridge IEC, t&ocirc;i cũng c&ograve;n hơi lo lắng v&igrave; ch&aacute;u chưa học với gi&aacute;o vi&ecirc;n nước ngo&agrave;i bao giờ. Tuy nhi&ecirc;n thấy lớp học rất vui vẻ, h&agrave;o hứng, t&ocirc;i cũng thấy y&ecirc;n t&acirc;m hơn. Hết nửa kh&oacute;a học, t&ocirc;i ngạc nhi&ecirc;n v&igrave; sự tiến bộ của ch&acirc;u. Giờ đ&acirc;y con đ&atilde; h&aacute;t được rất nhiều b&agrave;i h&aacute;t tiếng Anh v&agrave; c&ograve;n dạy cả tiếng Anh cho bố mẹ.</p>',31,'App\\Models\\Content','2024-04-23 02:07:13','2024-04-23 02:07:13'),(187,'sub_title1713863233','Phụ huynh cháu Nguyễn Trung Nam Khánh (7 tuổi) – học viên lớp Tiếng Anh Mẫu Giáo Starter 1 tại Cambridge IEC.','Phụ huynh cháu Nguyễn Trung Nam Khánh (7 tuổi) – học viên lớp Tiếng Anh Mẫu Giáo Starter 1 tại Cambridge IEC.',31,'App\\Models\\Content','2024-04-23 02:07:13','2024-04-23 02:07:13'),(188,'title1713863254','Cao Mỹ Duyên','Cao Mỹ Duyên',32,'App\\Models\\Content','2024-04-23 02:07:34','2024-04-23 02:07:34'),(189,'description1713863254','<p>Con đ&atilde; học tiếng Anh ở Cambridge IEC được hơn một năm. Con được học thầy Alex v&agrave; c&ocirc; Li&ecirc;n, thầy c&ocirc; n&agrave;o con học cũng thấy th&iacute;ch v&agrave; hay. C&aacute;c thầy c&ocirc; rất nhiệt t&igrave;nh, h&agrave;i hước v&agrave; rất quan t&acirc;m học sinh. C&aacute;c thầy c&ocirc; c&ograve;n gi&uacute;p con hiểu được c&aacute;ch &rdquo;chơi m&agrave; học&rdquo;, khiến con kh&ocirc;ng cảm thấy &rdquo;sợ&rdquo; học, m&agrave; c&ograve;n &ldquo;th&iacute;ch&rdquo; l&agrave; kh&aacute;c. Con muốn được học tiếng Anh suốt</p>','<p>Con đ&atilde; học tiếng Anh ở Cambridge IEC được hơn một năm. Con được học thầy Alex v&agrave; c&ocirc; Li&ecirc;n, thầy c&ocirc; n&agrave;o con học cũng thấy th&iacute;ch v&agrave; hay. C&aacute;c thầy c&ocirc; rất nhiệt t&igrave;nh, h&agrave;i hước v&agrave; rất quan t&acirc;m học sinh. C&aacute;c thầy c&ocirc; c&ograve;n gi&uacute;p con hiểu được c&aacute;ch &rdquo;chơi m&agrave; học&rdquo;, khiến con kh&ocirc;ng cảm thấy &rdquo;sợ&rdquo; học, m&agrave; c&ograve;n &ldquo;th&iacute;ch&rdquo; l&agrave; kh&aacute;c. Con muốn được học tiếng Anh suốt</p>',32,'App\\Models\\Content','2024-04-23 02:07:34','2024-04-23 02:07:34'),(190,'sub_title1713863254','Học sinh lớp 3 trường Lý Thái Tổ, đang học lớp Tiếng Anh Tiểu Học A1 tại Cambridge IEC.','Học sinh lớp 3 trường Lý Thái Tổ, đang học lớp Tiếng Anh Tiểu Học A1 tại Cambridge IEC.',32,'App\\Models\\Content','2024-04-23 02:07:34','2024-04-23 02:07:34'),(191,'title1713866803','Cao Mỹ Duyên','Cao Mỹ Duyên',33,'App\\Models\\Content','2024-04-23 03:06:43','2024-04-23 03:06:43'),(192,'description1713866803','<p>Khi mới đưa con đi học tiếng Anh tại Cambridge IEC, t&ocirc;i cũng c&ograve;n hơi lo lắng v&igrave; ch&aacute;u chưa học với gi&aacute;o vi&ecirc;n nước ngo&agrave;i bao giờ. Tuy nhi&ecirc;n thấy lớp học rất vui vẻ, h&agrave;o hứng, t&ocirc;i cũng thấy y&ecirc;n t&acirc;m hơn. Hết nửa kh&oacute;a học, t&ocirc;i ngạc nhi&ecirc;n v&igrave; sự tiến bộ của ch&acirc;u. Giờ đ&acirc;y con đ&atilde; h&aacute;t được rất nhiều b&agrave;i h&aacute;t tiếng Anh v&agrave; c&ograve;n dạy cả tiếng Anh cho bố mẹ.</p>','<p>Khi mới đưa con đi học tiếng Anh tại Cambridge IEC, t&ocirc;i cũng c&ograve;n hơi lo lắng v&igrave; ch&aacute;u chưa học với gi&aacute;o vi&ecirc;n nước ngo&agrave;i bao giờ. Tuy nhi&ecirc;n thấy lớp học rất vui vẻ, h&agrave;o hứng, t&ocirc;i cũng thấy y&ecirc;n t&acirc;m hơn. Hết nửa kh&oacute;a học, t&ocirc;i ngạc nhi&ecirc;n v&igrave; sự tiến bộ của ch&acirc;u. Giờ đ&acirc;y con đ&atilde; h&aacute;t được rất nhiều b&agrave;i h&aacute;t tiếng Anh v&agrave; c&ograve;n dạy cả tiếng Anh cho bố mẹ.</p>',33,'App\\Models\\Content','2024-04-23 03:06:43','2024-04-23 03:06:43'),(193,'sub_title1713866803','Phụ huynh cháu Nguyễn Trung Nam Khánh (7 tuổi) – học viên lớp Tiếng Anh Mẫu Giáo Starter 1 tại Cambridge IEC.','Phụ huynh cháu Nguyễn Trung Nam Khánh (7 tuổi) – học viên lớp Tiếng Anh Mẫu Giáo Starter 1 tại Cambridge IEC.',33,'App\\Models\\Content','2024-04-23 03:06:43','2024-04-23 03:06:43'),(194,'title1713867298','FREE CONSULTATION AND INSPECTION','TƯ VẤN VÀ KIỂM TRA MIỄN PHÍ',12,'App\\Models\\Section','2024-04-23 03:14:58','2024-04-23 03:17:47'),(195,'description1713867298','<p>Do you still have questions and concerns about courses at Cambridge IEC? Receive free direct advice from the Cambridge IEC team about the suitable study path for yourself today by filling in your information in the form below.</p>','<p>Bạn c&ograve;n thắc mắc v&agrave; băn khoăn về c&aacute;c kh&oacute;a học tại Cambridge IEC? Nhận tư vấn trực tiếp miễn ph&iacute; từ đội ngũ của Cambridge IEC về&nbsp;lộ tr&igrave;nh học&nbsp;ph&ugrave; hợp cho bản th&acirc;n m&igrave;nh ngay trong h&ocirc;m nay bằng c&aacute;ch điền th&ocirc;ng tin của bạn v&agrave;o form b&ecirc;n dưới.</p>',12,'App\\Models\\Section','2024-04-23 03:14:58','2024-04-23 03:17:47'),(196,'sub_title1713867298',' ',' ',12,'App\\Models\\Section','2024-04-23 03:14:58','2024-04-23 03:14:58'),(197,'title1713867494','anh1','anh1',34,'App\\Models\\Content','2024-04-23 03:18:14','2024-04-23 03:18:14'),(198,'description1713867494',' ',' ',34,'App\\Models\\Content','2024-04-23 03:18:14','2024-04-23 03:18:14'),(199,'sub_title1713867494',' ',' ',34,'App\\Models\\Content','2024-04-23 03:18:14','2024-04-23 03:18:14'),(200,'Home','Home','Trang chủ',16,'App\\Models\\Page','2024-06-26 03:39:47','2024-06-26 03:39:47'),(201,'description1719373187',' ',' ',16,'App\\Models\\Page','2024-06-26 03:39:47','2024-06-26 03:39:47'),(203,'title1719387247','We help users have fun and learn in virtual space','Chúng tôi giúp người dùng vui chơi và học tập trong không gian ảo',13,'App\\Models\\Section','2024-06-26 07:34:07','2024-07-06 03:53:51'),(204,'description1719387247',' ',' ',13,'App\\Models\\Section','2024-06-26 07:34:07','2024-06-27 02:33:37'),(205,'sub_title1719387247',' ',' ',13,'App\\Models\\Section','2024-06-26 07:34:07','2024-06-27 02:33:37'),(206,'title1719387676','Holomia - Change the world you see','Holomia - Change the world you see',14,'App\\Models\\Section','2024-06-26 07:41:16','2024-06-26 07:41:16'),(207,'description1719387676','<p>Holomia is a virtual reality platform that allows you to play, learn and experience visually through VR-360 perspectives</p>','<p>Holomia l&agrave; nền tảng thực tế ảo cho người d&ugrave;ng giải tr&iacute;, trải nghiệm v&agrave; học tập một c&aacute;ch trực quan qua g&oacute;c nh&igrave;n VR, 360 độ&nbsp;</p>',14,'App\\Models\\Section','2024-06-26 07:41:16','2024-07-06 01:51:19'),(208,'sub_title1719387676',' ',' ',14,'App\\Models\\Section','2024-06-26 07:41:16','2024-06-26 07:41:16'),(209,'title1719388017','Holomia - Change','Holomia - Change',35,'App\\Models\\Content','2024-06-26 07:46:57','2024-06-26 07:46:57'),(210,'description1719388017','<p>Holomia is a virtual reality platform that allows you to learn and experience visually through a 360-degree VR perspective</p>','<p>Holomia l&agrave; nền tảng thực tế ảo cho ph&eacute;p bạn học hỏi v&agrave; trải nghiệm một c&aacute;ch trực quan qua g&oacute;c nh&igrave;n VR, 360 độ</p>',35,'App\\Models\\Content','2024-06-26 07:46:57','2024-06-26 07:46:57'),(211,'sub_title1719388017',' ',' ',35,'App\\Models\\Content','2024-06-26 07:46:57','2024-06-26 07:46:57'),(219,'contact','Contact','Liên hệ',20,'App\\Models\\Page','2024-06-27 02:05:01','2024-06-27 02:05:01'),(220,'description1719453901',' ',' ',20,'App\\Models\\Page','2024-06-27 02:05:01','2024-06-27 02:05:01'),(221,'project','Products','Products',21,'App\\Models\\Page','2024-06-27 02:10:12','2024-06-27 02:10:12'),(222,'description1719454212',' ',' ',21,'App\\Models\\Page','2024-06-27 02:10:12','2024-06-27 02:10:12'),(223,'title1719455775','section 1','section 1',37,'App\\Models\\Content','2024-06-27 02:36:15','2024-06-27 02:36:15'),(224,'description1719455775',' ',' ',37,'App\\Models\\Content','2024-06-27 02:36:15','2024-06-27 02:36:15'),(225,'sub_title1719455775',' ',' ',37,'App\\Models\\Content','2024-06-27 02:36:15','2024-06-27 02:36:15'),(226,'title1719456042','Holomia Overview','Holomia Overview',15,'App\\Models\\Section','2024-06-27 02:40:42','2024-06-27 02:40:42'),(227,'description1719456042',' ',' ',15,'App\\Models\\Section','2024-06-27 02:40:42','2024-06-27 02:40:42'),(228,'sub_title1719456042','A virtual space to explore and experience','Một không gian ảo để khám phá và trải nghiệm',15,'App\\Models\\Section','2024-06-27 02:40:42','2024-07-06 02:24:57'),(229,'title1719456410','Create a VR classroom','Tạo lớp học ảo',38,'App\\Models\\Content','2024-06-27 02:46:50','2024-07-06 01:55:54'),(230,'description1719456410',' ',' ',38,'App\\Models\\Content','2024-06-27 02:46:50','2024-06-27 02:46:50'),(231,'sub_title1719456410','Upto 16 users in a virtual classroom','Kết nối tới 16 người dùng trong một lớp học ảo',38,'App\\Models\\Content','2024-06-27 02:46:50','2024-07-06 01:55:54'),(232,'title1719456494','Interactive space','Không gian tương tác',39,'App\\Models\\Content','2024-06-27 02:48:14','2024-06-27 02:48:14'),(233,'description1719456494',' ',' ',39,'App\\Models\\Content','2024-06-27 02:48:14','2024-06-27 02:48:14'),(234,'sub_title1719456494','Turn any space into a virtual arena','Biến mọi không gian thành khu vui chơi thực tế ảo',39,'App\\Models\\Content','2024-06-27 02:48:14','2024-07-06 01:57:24'),(235,'title1719456568','View project','View project',16,'App\\Models\\Section','2024-06-27 02:49:28','2024-06-27 02:49:28'),(236,'description1719456568',' ',' ',16,'App\\Models\\Section','2024-06-27 02:49:28','2024-06-27 02:49:28'),(237,'sub_title1719456568',' ',' ',16,'App\\Models\\Section','2024-06-27 02:49:28','2024-06-27 02:49:28'),(238,'title1719456757','Virtual training','Lớp học ảo',40,'App\\Models\\Content','2024-06-27 02:52:37','2024-07-06 02:15:44'),(239,'description1719456757','<p>Holomia makes it easy for users to participate in virtual reality training</p>','<p>Holomia x&oacute;a bỏ r&agrave;o cản địa l&yacute; gi&uacute;p người d&ugrave;ng dễ d&agrave;ng tham gia c&aacute;c lớp học thực h&agrave;nh trong thực tế ảo</p>',40,'App\\Models\\Content','2024-06-27 02:52:37','2024-07-06 02:03:46'),(240,'sub_title1719456757',' ',' ',40,'App\\Models\\Content','2024-06-27 02:52:37','2024-06-27 02:52:37'),(241,'title1719456924','MissionX - VR eSport Arena','Đấu trường vô cực MissionX - Sàn đấu Laser thực tế ảo',41,'App\\Models\\Content','2024-06-27 02:55:24','2024-07-06 02:13:18'),(242,'description1719456924','<p>MissionX, a competitive multiplayer FPS VR game that will turn your play area into a shared-space, free-roaming VR Arena.&nbsp;</p>','<p>MissionX l&agrave; đấu trường thể thao điện tử c&ocirc;ng nghệ Thực tế ảo thi đấu theo đội mỗi b&ecirc;n từ 2 tới 5 người chơi, thời gian mỗi lượt chơi l&agrave; 3-5 ph&uacute;t.&nbsp;</p>',41,'App\\Models\\Content','2024-06-27 02:55:24','2024-07-06 02:13:18'),(243,'sub_title1719456924',' ',' ',41,'App\\Models\\Content','2024-06-27 02:55:24','2024-06-27 02:55:24'),(244,'title1719457033','Latest news','Latest news',17,'App\\Models\\Section','2024-06-27 02:57:13','2024-06-27 02:57:13'),(245,'description1719457033',' ',' ',17,'App\\Models\\Section','2024-06-27 02:57:13','2024-06-27 02:57:13'),(246,'sub_title1719457033',' ',' ',17,'App\\Models\\Section','2024-06-27 02:57:13','2024-06-27 02:57:13'),(247,'title1719457163','Vision - Mission','Tầm nhìn - Sứ mệnh',18,'App\\Models\\Section','2024-06-27 02:59:23','2024-06-27 02:59:23'),(248,'description1719457163',' ',' ',18,'App\\Models\\Section','2024-06-27 02:59:23','2024-06-27 02:59:23'),(249,'sub_title1719457163',' ',' ',18,'App\\Models\\Section','2024-06-27 02:59:23','2024-06-27 02:59:23'),(250,'title1719457490','Our Vision','Tầm nhìn của chúng tôi',42,'App\\Models\\Content','2024-06-27 03:04:50','2024-07-06 01:43:41'),(251,'description1719457490','<p>To become a technology company that provides virtual spaces that help users easily play and learn</p>','<p>Cung cấp nền tảng Thực tế ảo gi&uacute;p mọi người giải tr&iacute; v&agrave; học tập kh&ocirc;ng c&ograve;n giới hạn bởi kh&ocirc;ng gian thời gian.</p>',42,'App\\Models\\Content','2024-06-27 03:04:50','2024-07-06 02:35:55'),(252,'sub_title1719457490',' ',' ',42,'App\\Models\\Content','2024-06-27 03:04:50','2024-06-27 03:04:50'),(253,'title1719457585','Our Mission','Sứ mệnh của chúng tôi',43,'App\\Models\\Content','2024-06-27 03:06:25','2024-07-06 01:47:13'),(254,'description1719457585','<p>Change the way you see the world with virtual reality technology</p>','<p>Thay đổi c&aacute;ch bạn nh&igrave;n thế giới với c&ocirc;ng nghệ thực tế ảo, thực tế tăng cường.</p>',43,'App\\Models\\Content','2024-06-27 03:06:25','2024-07-06 01:47:13'),(255,'sub_title1719457585',' ',' ',43,'App\\Models\\Content','2024-06-27 03:06:25','2024-06-27 03:06:25'),(256,'immersive','Immersive activies','Activies',22,'App\\Models\\Page','2024-06-27 03:34:34','2024-06-27 03:34:34'),(257,'description1719459274',' ',' ',22,'App\\Models\\Page','2024-06-27 03:34:34','2024-06-27 03:34:34'),(258,'title1719459436','About Us','About Us',19,'App\\Models\\Section','2024-06-27 03:37:16','2024-06-27 03:37:16'),(259,'description1719459436',' ',' ',19,'App\\Models\\Section','2024-06-27 03:37:16','2024-06-27 03:37:16'),(260,'sub_title1719459436',' ',' ',19,'App\\Models\\Section','2024-06-27 03:37:16','2024-06-27 03:37:16'),(261,'title1719459473','about','about',44,'App\\Models\\Content','2024-06-27 03:37:53','2024-06-27 03:37:53'),(262,'description1719459473',' ',' ',44,'App\\Models\\Content','2024-06-27 03:37:53','2024-06-27 03:37:53'),(263,'sub_title1719459473',' ',' ',44,'App\\Models\\Content','2024-06-27 03:37:53','2024-06-27 03:37:53'),(264,'title1719461916','Holomia\'s activities','Hoạt động của Holomia',20,'App\\Models\\Section','2024-06-27 04:18:36','2024-07-06 02:18:29'),(265,'description1719461916',' ',' ',20,'App\\Models\\Section','2024-06-27 04:18:36','2024-06-27 04:18:36'),(266,'sub_title1719461916',' ',' ',20,'App\\Models\\Section','2024-06-27 04:18:36','2024-06-27 04:18:36'),(267,'title1719461981','image','image',45,'App\\Models\\Content','2024-06-27 04:19:41','2024-06-27 04:19:41'),(268,'description1719461981',' ',' ',45,'App\\Models\\Content','2024-06-27 04:19:41','2024-06-27 04:19:41'),(269,'sub_title1719461981',' ',' ',45,'App\\Models\\Content','2024-06-27 04:19:41','2024-06-27 04:19:41'),(270,'title1719462456','Holomia at events','Holomia tại các sự kiện',21,'App\\Models\\Section','2024-06-27 04:27:36','2024-07-06 02:19:36'),(271,'description1719462456',' ',' ',21,'App\\Models\\Section','2024-06-27 04:27:36','2024-06-27 04:27:36'),(272,'sub_title1719462456',' ',' ',21,'App\\Models\\Section','2024-06-27 04:27:36','2024-06-27 04:27:36'),(273,'title1719463423','Lễ trao giải Bùi Xuân Phái với dự án tái lập kiến trúc chùa Diên Hựu - Một cột bằng công nghệ thực tế ảo','Lễ trao giải Bùi Xuân Phái với dự án tái lập kiến trúc chùa Diên Hựu - Một cột bằng công nghệ thực tế ảo',2,'App\\Models\\News','2024-06-27 04:43:43','2024-06-27 04:48:20'),(274,'content1719463423','<p>Đ&acirc;y l&agrave; dự &aacute;n của SEN Heritage với sự tham gia của một nh&oacute;m c&aacute;c nh&agrave; nghi&ecirc;n cứu trẻ, ti&ecirc;n phong, sử dụng c&aacute;c kết quả nghi&ecirc;n cứu li&ecirc;n ng&agrave;nh c&ugrave;ng c&ocirc;ng nghệ thực tế ảo để t&aacute;i lập c&aacute;c gi&aacute; trị văn h&oacute;a truyền thống cho c&ocirc;ng ch&uacute;ng chi&ecirc;m ngưỡng, trải nghiệm.</p>\n\n<p>Bằng c&aacute;ch đ&oacute; họ đ&atilde; t&aacute;i lập được kiến tr&uacute;c ch&ugrave;a Di&ecirc;n Hựu - Một Cột để c&ocirc;ng ch&uacute;ng c&oacute; thể ngắm nh&igrave;n những h&igrave;nh ảnh xa xưa trong kh&ocirc;ng gian tổng thể của ch&ugrave;a, một c&ocirc;ng tr&igrave;nh kiến tr&uacute;c đặc sắc, biểu tượng của Thăng Long - H&agrave; Nội. C&ocirc;ng nghệ thực tế ảo khiến cho c&ocirc;ng ch&uacute;ng như bước v&agrave;o kh&ocirc;ng gian di sản kiến tr&uacute;c v&agrave;ng son thời L&yacute; c&aacute;ch đ&acirc;y 800 năm, m&agrave; nay kh&ocirc;ng c&ograve;n tồn tại tr&ecirc;n thực tế.</p>\n\n<table border=\"0\" cellpadding=\"0\" cellspacing=\"0\">\n	<tbody>\n		<tr>\n			<td><img alt=\"toan bo 4 de cu giai y tuong cua giai thuong bui xuan phai vi tinh yeu ha noi lan thu 14 2021\" src=\"https://baoxaydung.com.vn/stores/news_dataimages/hiep/102021/06/09/2825_image001.jpg\" /></td>\n		</tr>\n		<tr>\n			<td>Mặt bằng tổng thể th&aacute;p Một Cột ch&ugrave;a Di&ecirc;n Hựu thời nh&agrave; L&yacute; năm 1105 với b&igrave;nh đồ mandala theo văn bia S&ugrave;ng Thiện Di&ecirc;n Linh (khắc năm 1121).</td>\n		</tr>\n	</tbody>\n</table>\n\n<table border=\"0\" cellpadding=\"0\" cellspacing=\"0\">\n	<tbody>\n		<tr>\n			<td><img alt=\"toan bo 4 de cu giai y tuong cua giai thuong bui xuan phai vi tinh yeu ha noi lan thu 14 2021\" src=\"https://baoxaydung.com.vn/stores/news_dataimages/hiep/102021/06/09/2826_image002.jpg\" /></td>\n		</tr>\n		<tr>\n			<td>Ch&ugrave;a Một Cột - biểu tượng văn h&oacute;a ng&agrave;n năm của H&agrave; Nội. T&aacute;i lập: SEN Heritage.</td>\n		</tr>\n	</tbody>\n</table>\n\n<p>Mặc d&ugrave; c&aacute;c sản phẩm của dự &aacute;n c&ograve;n g&acirc;y tranh c&atilde;i về t&iacute;nh thuyết phục của c&aacute;c suy luận khoa học, nhưng kh&ocirc;ng thể phủ nhận, đ&acirc;y l&agrave; một nỗ lực rất nghi&ecirc;m t&uacute;c của những con người rất c&oacute; t&acirc;m với di sản. X&eacute;t dưới g&oacute;c độ quảng b&aacute; v&agrave; gi&aacute;o dục di sản th&igrave; đ&acirc;y l&agrave; một việc l&agrave;m rất c&oacute; &yacute; nghĩa v&agrave; c&oacute; thể ứng dụng trong c&ocirc;ng t&aacute;c trưng b&agrave;y bảo t&agrave;ng, nhằm gi&aacute;o dục, quảng b&aacute; văn h&oacute;a truyền thống, điện ảnh, du lịch&hellip;</p>\n\n<table border=\"0\" cellpadding=\"0\" cellspacing=\"0\">\n	<tbody>\n		<tr>\n			<td><img alt=\"toan bo 4 de cu giai y tuong cua giai thuong bui xuan phai vi tinh yeu ha noi lan thu 14 2021\" src=\"https://baoxaydung.com.vn/stores/news_dataimages/hiep/102021/06/09/2827_image003.jpg\" /></td>\n		</tr>\n		<tr>\n			<td>Trẻ em mẫu gi&aacute;o tham quan VR3D ch&ugrave;a Di&ecirc;n Hựu.</td>\n		</tr>\n	</tbody>\n</table>','<p>Đ&acirc;y l&agrave; dự &aacute;n của SEN Heritage với sự tham gia của một nh&oacute;m c&aacute;c nh&agrave; nghi&ecirc;n cứu trẻ, ti&ecirc;n phong, sử dụng c&aacute;c kết quả nghi&ecirc;n cứu li&ecirc;n ng&agrave;nh c&ugrave;ng c&ocirc;ng nghệ thực tế ảo để t&aacute;i lập c&aacute;c gi&aacute; trị văn h&oacute;a truyền thống cho c&ocirc;ng ch&uacute;ng chi&ecirc;m ngưỡng, trải nghiệm.</p>\n\n<p>Bằng c&aacute;ch đ&oacute; họ đ&atilde; t&aacute;i lập được kiến tr&uacute;c ch&ugrave;a Di&ecirc;n Hựu - Một Cột để c&ocirc;ng ch&uacute;ng c&oacute; thể ngắm nh&igrave;n những h&igrave;nh ảnh xa xưa trong kh&ocirc;ng gian tổng thể của ch&ugrave;a, một c&ocirc;ng tr&igrave;nh kiến tr&uacute;c đặc sắc, biểu tượng của Thăng Long - H&agrave; Nội. C&ocirc;ng nghệ thực tế ảo khiến cho c&ocirc;ng ch&uacute;ng như bước v&agrave;o kh&ocirc;ng gian di sản kiến tr&uacute;c v&agrave;ng son thời L&yacute; c&aacute;ch đ&acirc;y 800 năm, m&agrave; nay kh&ocirc;ng c&ograve;n tồn tại tr&ecirc;n thực tế.</p>\n\n<table border=\"0\" cellpadding=\"0\" cellspacing=\"0\">\n	<tbody>\n		<tr>\n			<td><img alt=\"toan bo 4 de cu giai y tuong cua giai thuong bui xuan phai vi tinh yeu ha noi lan thu 14 2021\" src=\"https://baoxaydung.com.vn/stores/news_dataimages/hiep/102021/06/09/2825_image001.jpg\" /></td>\n		</tr>\n		<tr>\n			<td>Mặt bằng tổng thể th&aacute;p Một Cột ch&ugrave;a Di&ecirc;n Hựu thời nh&agrave; L&yacute; năm 1105 với b&igrave;nh đồ mandala theo văn bia S&ugrave;ng Thiện Di&ecirc;n Linh (khắc năm 1121).</td>\n		</tr>\n	</tbody>\n</table>\n\n<table border=\"0\" cellpadding=\"0\" cellspacing=\"0\">\n	<tbody>\n		<tr>\n			<td><img alt=\"toan bo 4 de cu giai y tuong cua giai thuong bui xuan phai vi tinh yeu ha noi lan thu 14 2021\" src=\"https://baoxaydung.com.vn/stores/news_dataimages/hiep/102021/06/09/2826_image002.jpg\" /></td>\n		</tr>\n		<tr>\n			<td>Ch&ugrave;a Một Cột - biểu tượng văn h&oacute;a ng&agrave;n năm của H&agrave; Nội. T&aacute;i lập: SEN Heritage.</td>\n		</tr>\n	</tbody>\n</table>\n\n<p>Mặc d&ugrave; c&aacute;c sản phẩm của dự &aacute;n c&ograve;n g&acirc;y tranh c&atilde;i về t&iacute;nh thuyết phục của c&aacute;c suy luận khoa học, nhưng kh&ocirc;ng thể phủ nhận, đ&acirc;y l&agrave; một nỗ lực rất nghi&ecirc;m t&uacute;c của những con người rất c&oacute; t&acirc;m với di sản. X&eacute;t dưới g&oacute;c độ quảng b&aacute; v&agrave; gi&aacute;o dục di sản th&igrave; đ&acirc;y l&agrave; một việc l&agrave;m rất c&oacute; &yacute; nghĩa v&agrave; c&oacute; thể ứng dụng trong c&ocirc;ng t&aacute;c trưng b&agrave;y bảo t&agrave;ng, nhằm gi&aacute;o dục, quảng b&aacute; văn h&oacute;a truyền thống, điện ảnh, du lịch&hellip;</p>\n\n<table border=\"0\" cellpadding=\"0\" cellspacing=\"0\">\n	<tbody>\n		<tr>\n			<td><img alt=\"toan bo 4 de cu giai y tuong cua giai thuong bui xuan phai vi tinh yeu ha noi lan thu 14 2021\" src=\"https://baoxaydung.com.vn/stores/news_dataimages/hiep/102021/06/09/2827_image003.jpg\" /></td>\n		</tr>\n		<tr>\n			<td>Trẻ em mẫu gi&aacute;o tham quan VR3D ch&ugrave;a Di&ecirc;n Hựu.</td>\n		</tr>\n	</tbody>\n</table>',2,'App\\Models\\News','2024-06-27 04:43:43','2024-06-27 04:48:20'),(275,'slug1719463423','le-trao-giai-bui-xuan-phai-voi-du-an-tai-lap-kien-truc-chua-dien-huu-mot-cot-bang-cong-nghe-thuc-te-ao','le-trao-giai-bui-xuan-phai-voi-du-an-tai-lap-kien-truc-chua-dien-huu-mot-cot-bang-cong-nghe-thuc-te-ao',2,'App\\Models\\News','2024-06-27 04:43:43','2024-06-27 04:48:20'),(276,'title1719464231','NGÀY HỘI GAMEVERSE 2024','NGÀY HỘI GAMEVERSE 2024',3,'App\\Models\\News','2024-06-27 04:57:11','2024-06-27 04:57:11'),(277,'content1719464231','<p>Trong khu&ocirc;n khổ Vietnam GameVerse 2024 được tổ chức tại TP HCM vừa qua, Meta c&ugrave;ng Holomia đ&atilde; thiết kế một gian h&agrave;ng với c&aacute;c thiết bị Quest 3 mới nhất. Trải nghiệm thực tế hỗn hợp XR Combat Arena của Meta x Holomia đ&atilde; được mọi người đ&oacute;n nhận t&iacute;ch cực v&agrave; thu h&uacute;t hơn 600 người tham gia.</p>','<p>Trong khu&ocirc;n khổ Vietnam GameVerse 2024 được tổ chức tại TP HCM vừa qua, Meta c&ugrave;ng Holomia đ&atilde; thiết kế một gian h&agrave;ng với c&aacute;c thiết bị Quest 3 mới nhất. Trải nghiệm thực tế hỗn hợp XR Combat Arena của Meta x Holomia đ&atilde; được mọi người đ&oacute;n nhận t&iacute;ch cực v&agrave; thu h&uacute;t hơn 600 người tham gia.</p>',3,'App\\Models\\News','2024-06-27 04:57:11','2024-06-27 04:57:11'),(278,'slug1719464231','ngay-hoi-gameverse-2024','ngay-hoi-gameverse-2024',3,'App\\Models\\News','2024-06-27 04:57:11','2024-06-27 04:57:11'),(279,'title1719469898','About Us','About Us',22,'App\\Models\\Section','2024-06-27 06:31:38','2024-06-27 06:31:38'),(280,'description1719469898',' ',' ',22,'App\\Models\\Section','2024-06-27 06:31:39','2024-06-27 06:31:39'),(281,'sub_title1719469898',' ',' ',22,'App\\Models\\Section','2024-06-27 06:31:39','2024-06-27 06:31:39'),(282,'title1719470119','Contact us','Liên hệ tới chúng tôi',23,'App\\Models\\Section','2024-06-27 06:35:19','2024-07-06 02:23:07'),(283,'description1719470119','<p>We help users have fun and learn in virtual space</p>\n\n<p>Holomia - Change the world you see</p>','<p>Ch&uacute;ng t&ocirc;i gi&uacute;p người d&ugrave;ng vui chơi v&agrave; học tập trong kh&ocirc;ng gian ảo</p>\n\n<p>Holomia - Change the world you see</p>',23,'App\\Models\\Section','2024-06-27 06:35:19','2024-07-06 02:23:48'),(284,'sub_title1719470119',' ',' ',23,'App\\Models\\Section','2024-06-27 06:35:19','2024-06-27 06:35:19'),(285,'title1719470221','image','image',46,'App\\Models\\Content','2024-06-27 06:37:01','2024-06-27 06:37:01'),(286,'description1719470221',' ',' ',46,'App\\Models\\Content','2024-06-27 06:37:01','2024-06-27 06:37:01'),(287,'sub_title1719470221',' ',' ',46,'App\\Models\\Content','2024-06-27 06:37:01','2024-06-27 06:37:01'),(288,'title1719470262','image2','image2',47,'App\\Models\\Content','2024-06-27 06:37:42','2024-06-27 06:37:42'),(289,'description1719470262',' ',' ',47,'App\\Models\\Content','2024-06-27 06:37:42','2024-06-27 06:37:42'),(290,'sub_title1719470262',' ',' ',47,'App\\Models\\Content','2024-06-27 06:37:42','2024-06-27 06:37:42'),(291,'title1719470288','image3','image3',48,'App\\Models\\Content','2024-06-27 06:38:08','2024-06-27 06:38:08'),(292,'description1719470288',' ',' ',48,'App\\Models\\Content','2024-06-27 06:38:08','2024-06-27 06:38:08'),(293,'sub_title1719470288',' ',' ',48,'App\\Models\\Content','2024-06-27 06:38:08','2024-06-27 06:38:08'),(294,'title1719470306','image 4','image 4',49,'App\\Models\\Content','2024-06-27 06:38:26','2024-06-27 06:38:26'),(295,'description1719470306',' ',' ',49,'App\\Models\\Content','2024-06-27 06:38:26','2024-06-27 06:38:26'),(296,'sub_title1719470306',' ',' ',49,'App\\Models\\Content','2024-06-27 06:38:26','2024-06-27 06:38:26'),(297,'title1719470337','contact form','contact form',24,'App\\Models\\Section','2024-06-27 06:38:57','2024-06-27 06:38:57'),(298,'description1719470337',' ',' ',24,'App\\Models\\Section','2024-06-27 06:38:57','2024-06-27 06:38:57'),(299,'sub_title1719470337',' ',' ',24,'App\\Models\\Section','2024-06-27 06:38:57','2024-06-27 06:38:57'),(300,'holo360','Holo 360','Holo 360',23,'App\\Models\\Page','2024-07-04 07:01:41','2024-07-04 07:01:41'),(301,'description1720076501',' ',' ',23,'App\\Models\\Page','2024-07-04 07:01:41','2024-07-04 07:01:41'),(302,'project_holo360','Project Holo360','Project Holo360',NULL,NULL,'2024-07-04 10:40:44','2024-07-04 10:40:44'),(303,'description_holo360','We provide solutions for VR, AR, 360, 3D, Scan3D, web, App,... To take your image promotion to a new level.','Chúng tôi cung cấp giải pháp VR, AR, 360, 3D, Scan3D, web, App, ... Để đưa việc quảng bá hình ảnh của bạn lên một tầm cao mới.',NULL,NULL,'2024-07-04 10:43:49','2024-07-04 10:43:49'),(304,'company-address','Floor 12A, Viwaseen Tower, 48 To Huu, Nam Tu Liem dist, Hanoi, Vietnam','Floor 12A, Viwaseen Tower, 48 To Huu, Nam Tu Liem dist, Hanoi, Vietnam',NULL,NULL,'2024-07-06 03:33:56','2024-07-06 03:33:56'),(305,'company-phone','(+84) 988162800','(+84) 988162800',NULL,NULL,'2024-07-06 03:35:07','2024-07-06 03:35:07'),(306,'company-email','info@holomia.com','info@holomia.com',NULL,NULL,'2024-07-06 03:35:36','2024-07-06 03:35:36'),(307,'holomia_facebook','https://www.facebook.com/HolomiaVR','https://www.facebook.com/HolomiaVR',NULL,NULL,'2024-07-06 03:37:17','2024-07-06 03:37:17'),(308,'holomia_youtube','https://www.youtube.com/@holomia','https://www.youtube.com/@holomia',NULL,NULL,'2024-07-06 03:37:44','2024-07-06 03:37:44'),(309,'holomia_instagram','https://www.instagram.com/holomiaxr','https://www.instagram.com/holomiaxr',NULL,NULL,'2024-07-06 03:38:15','2024-07-06 03:39:45');
/*!40000 ALTER TABLE `languages` ENABLE KEYS */;
UNLOCK TABLES;

--
-- Table structure for table `mails`
--

DROP TABLE IF EXISTS `mails`;
/*!40101 SET @saved_cs_client     = @@character_set_client */;
/*!50503 SET character_set_client = utf8mb4 */;
CREATE TABLE `mails` (
  `id` bigint unsigned NOT NULL AUTO_INCREMENT,
  `title` varchar(255) CHARACTER SET utf8mb4 COLLATE utf8mb4_unicode_ci DEFAULT NULL,
  `content` longtext CHARACTER SET utf8mb4 COLLATE utf8mb4_unicode_ci,
  `type` varchar(255) CHARACTER SET utf8mb4 COLLATE utf8mb4_unicode_ci DEFAULT NULL,
  `created_at` timestamp NULL DEFAULT NULL,
  `updated_at` timestamp NULL DEFAULT NULL,
  PRIMARY KEY (`id`)
) ENGINE=InnoDB DEFAULT CHARSET=utf8mb4 COLLATE=utf8mb4_unicode_ci;
/*!40101 SET character_set_client = @saved_cs_client */;

--
-- Dumping data for table `mails`
--

LOCK TABLES `mails` WRITE;
/*!40000 ALTER TABLE `mails` DISABLE KEYS */;
/*!40000 ALTER TABLE `mails` ENABLE KEYS */;
UNLOCK TABLES;

--
-- Table structure for table `migrations`
--

DROP TABLE IF EXISTS `migrations`;
/*!40101 SET @saved_cs_client     = @@character_set_client */;
/*!50503 SET character_set_client = utf8mb4 */;
CREATE TABLE `migrations` (
  `id` int unsigned NOT NULL AUTO_INCREMENT,
  `migration` varchar(255) CHARACTER SET utf8mb4 COLLATE utf8mb4_unicode_ci NOT NULL,
  `batch` int NOT NULL,
  PRIMARY KEY (`id`)
) ENGINE=InnoDB AUTO_INCREMENT=34 DEFAULT CHARSET=utf8mb4 COLLATE=utf8mb4_unicode_ci;
/*!40101 SET character_set_client = @saved_cs_client */;

--
-- Dumping data for table `migrations`
--

LOCK TABLES `migrations` WRITE;
/*!40000 ALTER TABLE `migrations` DISABLE KEYS */;
INSERT INTO `migrations` VALUES (1,'2014_10_12_000000_create_users_table',1),(2,'2014_10_12_100000_create_password_resets_table',1),(3,'2019_08_19_000000_create_failed_jobs_table',1),(4,'2019_12_14_000001_create_personal_access_tokens_table',1),(5,'2022_04_15_040214_create_permission_tables',1),(6,'2022_07_08_022600_create_pages_table',1),(7,'2022_07_08_022623_create_themes_table',1),(8,'2022_07_08_022811_create_sections_table',1),(9,'2022_07_08_023317_create_contents_table',1),(10,'2022_07_08_023337_create_images_table',1),(11,'2022_07_08_023453_create_category_news_table',1),(12,'2022_07_08_023734_create_news_table',1),(13,'2022_07_08_023744_create_tags_table',1),(14,'2022_07_08_023756_create_contacts_table',1),(15,'2022_07_08_024521_create_tag_new_table',1),(16,'2022_07_08_025923_create_languages_table',1),(17,'2022_07_11_093134_create_category_contents_table',1),(18,'2022_07_16_040042_create_mails_table',1),(19,'2022_08_04_081239_create_projects_table',1),(20,'2022_08_04_081303_create_items_table',1),(21,'2023_06_07_020054_create_category_holo360_table',1),(22,'2023_06_07_020343_create_holo360_project_table',1),(23,'2023_06_13_013013_add_type_to_holo360_project_table',2),(24,'2023_09_05_063802_edit_items_table',2),(25,'2023_09_05_071334_edit_projects_table',2),(26,'2023_09_15_033327_add_type_to_project',3),(27,'2024_04_15_035349_create_sessions_table',4),(28,'2024_04_16_035628_create_settings_table',5),(29,'2024_04_16_035641_create_courses_table',5),(30,'2024_04_16_035654_create_reviews_table',5),(31,'2024_04_16_035710_create_persons_table',5),(32,'2024_04_16_040407_create_consulations_table',5),(33,'2024_04_22_072111_create_jobs_table',6);
/*!40000 ALTER TABLE `migrations` ENABLE KEYS */;
UNLOCK TABLES;

--
-- Table structure for table `model_has_permissions`
--

DROP TABLE IF EXISTS `model_has_permissions`;
/*!40101 SET @saved_cs_client     = @@character_set_client */;
/*!50503 SET character_set_client = utf8mb4 */;
CREATE TABLE `model_has_permissions` (
  `permission_id` bigint unsigned NOT NULL,
  `model_type` varchar(255) CHARACTER SET utf8mb4 COLLATE utf8mb4_unicode_ci NOT NULL,
  `model_id` bigint unsigned NOT NULL,
  PRIMARY KEY (`permission_id`,`model_id`,`model_type`),
  KEY `model_has_permissions_model_id_model_type_index` (`model_id`,`model_type`),
  CONSTRAINT `model_has_permissions_permission_id_foreign` FOREIGN KEY (`permission_id`) REFERENCES `permissions` (`id`) ON DELETE CASCADE
) ENGINE=InnoDB DEFAULT CHARSET=utf8mb4 COLLATE=utf8mb4_unicode_ci;
/*!40101 SET character_set_client = @saved_cs_client */;

--
-- Dumping data for table `model_has_permissions`
--

LOCK TABLES `model_has_permissions` WRITE;
/*!40000 ALTER TABLE `model_has_permissions` DISABLE KEYS */;
/*!40000 ALTER TABLE `model_has_permissions` ENABLE KEYS */;
UNLOCK TABLES;

--
-- Table structure for table `model_has_roles`
--

DROP TABLE IF EXISTS `model_has_roles`;
/*!40101 SET @saved_cs_client     = @@character_set_client */;
/*!50503 SET character_set_client = utf8mb4 */;
CREATE TABLE `model_has_roles` (
  `role_id` bigint unsigned NOT NULL,
  `model_type` varchar(255) CHARACTER SET utf8mb4 COLLATE utf8mb4_unicode_ci NOT NULL,
  `model_id` bigint unsigned NOT NULL,
  PRIMARY KEY (`role_id`,`model_id`,`model_type`),
  KEY `model_has_roles_model_id_model_type_index` (`model_id`,`model_type`),
  CONSTRAINT `model_has_roles_role_id_foreign` FOREIGN KEY (`role_id`) REFERENCES `roles` (`id`) ON DELETE CASCADE
) ENGINE=InnoDB DEFAULT CHARSET=utf8mb4 COLLATE=utf8mb4_unicode_ci;
/*!40101 SET character_set_client = @saved_cs_client */;

--
-- Dumping data for table `model_has_roles`
--

LOCK TABLES `model_has_roles` WRITE;
/*!40000 ALTER TABLE `model_has_roles` DISABLE KEYS */;
INSERT INTO `model_has_roles` VALUES (1,'App\\Models\\User',1);
/*!40000 ALTER TABLE `model_has_roles` ENABLE KEYS */;
UNLOCK TABLES;

--
-- Table structure for table `news`
--

DROP TABLE IF EXISTS `news`;
/*!40101 SET @saved_cs_client     = @@character_set_client */;
/*!50503 SET character_set_client = utf8mb4 */;
CREATE TABLE `news` (
  `id` int unsigned NOT NULL AUTO_INCREMENT,
  `title` varchar(255) CHARACTER SET utf8mb4 COLLATE utf8mb4_unicode_ci DEFAULT NULL,
  `slug` varchar(255) CHARACTER SET utf8mb4 COLLATE utf8mb4_unicode_ci DEFAULT NULL,
  `content` longtext CHARACTER SET utf8mb4 COLLATE utf8mb4_unicode_ci,
  `image` varchar(255) CHARACTER SET utf8mb4 COLLATE utf8mb4_unicode_ci DEFAULT NULL,
  `outstanding` int DEFAULT '0',
  `view` int DEFAULT '0',
  `category_id` int unsigned DEFAULT NULL,
  `created_at` timestamp NULL DEFAULT NULL,
  `updated_at` timestamp NULL DEFAULT NULL,
  PRIMARY KEY (`id`),
  KEY `news_category_id_foreign` (`category_id`),
  CONSTRAINT `news_category_id_foreign` FOREIGN KEY (`category_id`) REFERENCES `category_news` (`id`) ON DELETE CASCADE
) ENGINE=InnoDB AUTO_INCREMENT=4 DEFAULT CHARSET=utf8mb4 COLLATE=utf8mb4_unicode_ci;
/*!40101 SET character_set_client = @saved_cs_client */;

--
-- Dumping data for table `news`
--

LOCK TABLES `news` WRITE;
/*!40000 ALTER TABLE `news` DISABLE KEYS */;
INSERT INTO `news` VALUES (2,'title1719463423','slug1719463423','content1719463423','images/tintuc/17194634231_2826-image002jpg.jpg',0,0,1,'2024-06-27 04:43:43','2024-06-27 04:43:43'),(3,'title1719464231','slug1719464231','content1719464231','images/tintuc/17194642311_440933918-881244620475046-7430885549000108529-njpg.jpg',0,0,1,'2024-06-27 04:57:11','2024-06-27 04:57:11');
/*!40000 ALTER TABLE `news` ENABLE KEYS */;
UNLOCK TABLES;

--
-- Table structure for table `pages`
--

DROP TABLE IF EXISTS `pages`;
/*!40101 SET @saved_cs_client     = @@character_set_client */;
/*!50503 SET character_set_client = utf8mb4 */;
CREATE TABLE `pages` (
  `id` bigint unsigned NOT NULL AUTO_INCREMENT,
  `id_priority` int DEFAULT NULL,
  `title` varchar(255) CHARACTER SET utf8mb4 COLLATE utf8mb4_unicode_ci DEFAULT NULL,
  `description` text CHARACTER SET utf8mb4 COLLATE utf8mb4_unicode_ci,
  `sub_title` varchar(255) CHARACTER SET utf8mb4 COLLATE utf8mb4_unicode_ci DEFAULT NULL,
  `created_at` timestamp NULL DEFAULT NULL,
  `updated_at` timestamp NULL DEFAULT NULL,
  PRIMARY KEY (`id`)
) ENGINE=InnoDB AUTO_INCREMENT=24 DEFAULT CHARSET=utf8mb4 COLLATE=utf8mb4_unicode_ci;
/*!40101 SET character_set_client = @saved_cs_client */;

--
-- Dumping data for table `pages`
--

LOCK TABLES `pages` WRITE;
/*!40000 ALTER TABLE `pages` DISABLE KEYS */;
INSERT INTO `pages` VALUES (16,0,'Home','description1719373187',NULL,'2024-06-26 03:39:47','2024-06-27 02:10:19'),(20,4,'contact','description1719453901',NULL,'2024-06-27 02:05:01','2024-06-27 03:34:40'),(21,1,'project','description1719454212',NULL,'2024-06-27 02:10:12','2024-06-27 02:10:19'),(22,2,'immersive','description1719459274',NULL,'2024-06-27 03:34:34','2024-07-04 07:01:45'),(23,3,'holo360','description1720076501',NULL,'2024-07-04 07:01:41','2024-07-04 07:01:45');
/*!40000 ALTER TABLE `pages` ENABLE KEYS */;
UNLOCK TABLES;

--
-- Table structure for table `password_resets`
--

DROP TABLE IF EXISTS `password_resets`;
/*!40101 SET @saved_cs_client     = @@character_set_client */;
/*!50503 SET character_set_client = utf8mb4 */;
CREATE TABLE `password_resets` (
  `email` varchar(255) CHARACTER SET utf8mb4 COLLATE utf8mb4_unicode_ci NOT NULL,
  `token` varchar(255) CHARACTER SET utf8mb4 COLLATE utf8mb4_unicode_ci NOT NULL,
  `created_at` timestamp NULL DEFAULT NULL,
  KEY `password_resets_email_index` (`email`)
) ENGINE=InnoDB DEFAULT CHARSET=utf8mb4 COLLATE=utf8mb4_unicode_ci;
/*!40101 SET character_set_client = @saved_cs_client */;

--
-- Dumping data for table `password_resets`
--

LOCK TABLES `password_resets` WRITE;
/*!40000 ALTER TABLE `password_resets` DISABLE KEYS */;
/*!40000 ALTER TABLE `password_resets` ENABLE KEYS */;
UNLOCK TABLES;

--
-- Table structure for table `permissions`
--

DROP TABLE IF EXISTS `permissions`;
/*!40101 SET @saved_cs_client     = @@character_set_client */;
/*!50503 SET character_set_client = utf8mb4 */;
CREATE TABLE `permissions` (
  `id` bigint unsigned NOT NULL AUTO_INCREMENT,
  `name` varchar(255) CHARACTER SET utf8mb4 COLLATE utf8mb4_unicode_ci NOT NULL,
  `guard_name` varchar(255) CHARACTER SET utf8mb4 COLLATE utf8mb4_unicode_ci NOT NULL,
  `created_at` timestamp NULL DEFAULT NULL,
  `updated_at` timestamp NULL DEFAULT NULL,
  PRIMARY KEY (`id`),
  UNIQUE KEY `permissions_name_guard_name_unique` (`name`,`guard_name`)
) ENGINE=InnoDB AUTO_INCREMENT=3 DEFAULT CHARSET=utf8mb4 COLLATE=utf8mb4_unicode_ci;
/*!40101 SET character_set_client = @saved_cs_client */;

--
-- Dumping data for table `permissions`
--

LOCK TABLES `permissions` WRITE;
/*!40000 ALTER TABLE `permissions` DISABLE KEYS */;
INSERT INTO `permissions` VALUES (1,'users_manage','web','2023-06-09 02:53:46','2023-06-09 02:53:46'),(2,'create_project','web','2023-06-09 02:53:46','2023-06-09 02:53:46');
/*!40000 ALTER TABLE `permissions` ENABLE KEYS */;
UNLOCK TABLES;

--
-- Table structure for table `personal_access_tokens`
--

DROP TABLE IF EXISTS `personal_access_tokens`;
/*!40101 SET @saved_cs_client     = @@character_set_client */;
/*!50503 SET character_set_client = utf8mb4 */;
CREATE TABLE `personal_access_tokens` (
  `id` bigint unsigned NOT NULL AUTO_INCREMENT,
  `tokenable_type` varchar(255) CHARACTER SET utf8mb4 COLLATE utf8mb4_unicode_ci NOT NULL,
  `tokenable_id` bigint unsigned NOT NULL,
  `name` varchar(255) CHARACTER SET utf8mb4 COLLATE utf8mb4_unicode_ci NOT NULL,
  `token` varchar(64) CHARACTER SET utf8mb4 COLLATE utf8mb4_unicode_ci NOT NULL,
  `abilities` text CHARACTER SET utf8mb4 COLLATE utf8mb4_unicode_ci,
  `last_used_at` timestamp NULL DEFAULT NULL,
  `created_at` timestamp NULL DEFAULT NULL,
  `updated_at` timestamp NULL DEFAULT NULL,
  PRIMARY KEY (`id`),
  UNIQUE KEY `personal_access_tokens_token_unique` (`token`),
  KEY `personal_access_tokens_tokenable_type_tokenable_id_index` (`tokenable_type`,`tokenable_id`)
) ENGINE=InnoDB DEFAULT CHARSET=utf8mb4 COLLATE=utf8mb4_unicode_ci;
/*!40101 SET character_set_client = @saved_cs_client */;

--
-- Dumping data for table `personal_access_tokens`
--

LOCK TABLES `personal_access_tokens` WRITE;
/*!40000 ALTER TABLE `personal_access_tokens` DISABLE KEYS */;
/*!40000 ALTER TABLE `personal_access_tokens` ENABLE KEYS */;
UNLOCK TABLES;

--
-- Table structure for table `persons`
--

DROP TABLE IF EXISTS `persons`;
/*!40101 SET @saved_cs_client     = @@character_set_client */;
/*!50503 SET character_set_client = utf8mb4 */;
CREATE TABLE `persons` (
  `id` bigint unsigned NOT NULL AUTO_INCREMENT,
  `name` varchar(255) CHARACTER SET utf8mb4 COLLATE utf8mb4_unicode_ci NOT NULL,
  `description` longtext CHARACTER SET utf8mb4 COLLATE utf8mb4_unicode_ci NOT NULL,
  `type` varchar(255) CHARACTER SET utf8mb4 COLLATE utf8mb4_unicode_ci DEFAULT NULL,
  `image` varchar(255) CHARACTER SET utf8mb4 COLLATE utf8mb4_unicode_ci DEFAULT NULL,
  `score` varchar(255) CHARACTER SET utf8mb4 COLLATE utf8mb4_unicode_ci DEFAULT NULL,
  `created_at` timestamp NULL DEFAULT NULL,
  `updated_at` timestamp NULL DEFAULT NULL,
  PRIMARY KEY (`id`)
) ENGINE=InnoDB AUTO_INCREMENT=11 DEFAULT CHARSET=utf8mb4 COLLATE=utf8mb4_unicode_ci;
/*!40101 SET character_set_client = @saved_cs_client */;

--
-- Dumping data for table `persons`
--

LOCK TABLES `persons` WRITE;
/*!40000 ALTER TABLE `persons` DISABLE KEYS */;
INSERT INTO `persons` VALUES (1,'Nga','description1713345993','teacher','images/persons/17133459931_5ab177b6bdec13b24afdjpg.jpg',NULL,'2024-04-17 02:26:33','2024-04-17 02:26:33'),(2,'Trang','description1713853865','teacher','images/persons/17138538651_teacherjpg.jpg',NULL,'2024-04-22 23:31:05','2024-04-22 23:31:05'),(3,'Quân Kun','description1713854313','teacher','images/persons/17138543131_imgjpg.jpg',NULL,'2024-04-22 23:38:33','2024-04-23 00:19:52'),(4,'Hà Linh','description1713856007','teacher','images/persons/17138560071_teacherjpg.jpg',NULL,'2024-04-23 00:06:47','2024-04-23 00:06:47'),(5,'Nga','description1713856083','student','images/persons/17138560831_1jpg.jpg','9','2024-04-23 00:08:03','2024-04-23 00:15:33'),(7,'Bùi Minh Phương','description1713856888','student','images/persons/17138568881_843601ffcd9f9d37863aebfad6401b67png.png','7','2024-04-23 00:21:28','2024-04-23 00:21:28'),(8,'Trịnh Kim Ngân','description1713857428','student','images/persons/17138574281_351111479-643934881107743-5350731413814885205-njpg.jpg',NULL,'2024-04-23 00:30:28','2024-04-23 00:30:28'),(9,'Nguyễn Khánh Ngân','description1713857550','student','images/persons/17138575501_353009236-721295046672528-2387320293050259170-njpg.jpg',NULL,'2024-04-23 00:32:30','2024-04-23 00:32:30'),(10,'Hà Trang','description1713857622','student','images/persons/17138576221_843601ffcd9f9d37863aebfad6401b67png.png',NULL,'2024-04-23 00:33:42','2024-04-23 00:33:42');
/*!40000 ALTER TABLE `persons` ENABLE KEYS */;
UNLOCK TABLES;

--
-- Table structure for table `projects`
--

DROP TABLE IF EXISTS `projects`;
/*!40101 SET @saved_cs_client     = @@character_set_client */;
/*!50503 SET character_set_client = utf8mb4 */;
CREATE TABLE `projects` (
  `id` bigint unsigned NOT NULL AUTO_INCREMENT,
  `name` varchar(255) CHARACTER SET utf8mb4 COLLATE utf8mb4_unicode_ci DEFAULT NULL,
  `slug` varchar(255) CHARACTER SET utf8mb4 COLLATE utf8mb4_unicode_ci DEFAULT NULL,
  `image` varchar(255) CHARACTER SET utf8mb4 COLLATE utf8mb4_unicode_ci DEFAULT NULL,
  `created_at` timestamp NULL DEFAULT NULL,
  `updated_at` timestamp NULL DEFAULT NULL,
  `id_priority` int DEFAULT NULL,
  `type` varchar(11) CHARACTER SET utf8mb4 COLLATE utf8mb4_unicode_ci DEFAULT NULL,
  PRIMARY KEY (`id`)
) ENGINE=InnoDB AUTO_INCREMENT=3 DEFAULT CHARSET=utf8mb4 COLLATE=utf8mb4_unicode_ci;
/*!40101 SET character_set_client = @saved_cs_client */;

--
-- Dumping data for table `projects`
--

LOCK TABLES `projects` WRITE;
/*!40000 ALTER TABLE `projects` DISABLE KEYS */;
INSERT INTO `projects` VALUES (1,'Holo360 Fortuna Hotel Hanoi','holo360-fortuna-hotel-hanoi','Project/1/16884625881_1200x800-3jpg.jpg','2023-07-04 02:23:08','2023-09-14 20:47:24',NULL,'not_header'),(2,'NganT','ngant','Project/2/16947496371_holomiapng.png','2023-09-14 20:47:17','2023-09-14 20:47:17',NULL,'header');
/*!40000 ALTER TABLE `projects` ENABLE KEYS */;
UNLOCK TABLES;

--
-- Table structure for table `reviews`
--

DROP TABLE IF EXISTS `reviews`;
/*!40101 SET @saved_cs_client     = @@character_set_client */;
/*!50503 SET character_set_client = utf8mb4 */;
CREATE TABLE `reviews` (
  `id` bigint unsigned NOT NULL AUTO_INCREMENT,
  `created_at` timestamp NULL DEFAULT NULL,
  `updated_at` timestamp NULL DEFAULT NULL,
  PRIMARY KEY (`id`)
) ENGINE=InnoDB DEFAULT CHARSET=utf8mb4 COLLATE=utf8mb4_unicode_ci;
/*!40101 SET character_set_client = @saved_cs_client */;

--
-- Dumping data for table `reviews`
--

LOCK TABLES `reviews` WRITE;
/*!40000 ALTER TABLE `reviews` DISABLE KEYS */;
/*!40000 ALTER TABLE `reviews` ENABLE KEYS */;
UNLOCK TABLES;

--
-- Table structure for table `role_has_permissions`
--

DROP TABLE IF EXISTS `role_has_permissions`;
/*!40101 SET @saved_cs_client     = @@character_set_client */;
/*!50503 SET character_set_client = utf8mb4 */;
CREATE TABLE `role_has_permissions` (
  `permission_id` bigint unsigned NOT NULL,
  `role_id` bigint unsigned NOT NULL,
  PRIMARY KEY (`permission_id`,`role_id`),
  KEY `role_has_permissions_role_id_foreign` (`role_id`),
  CONSTRAINT `role_has_permissions_permission_id_foreign` FOREIGN KEY (`permission_id`) REFERENCES `permissions` (`id`) ON DELETE CASCADE,
  CONSTRAINT `role_has_permissions_role_id_foreign` FOREIGN KEY (`role_id`) REFERENCES `roles` (`id`) ON DELETE CASCADE
) ENGINE=InnoDB DEFAULT CHARSET=utf8mb4 COLLATE=utf8mb4_unicode_ci;
/*!40101 SET character_set_client = @saved_cs_client */;

--
-- Dumping data for table `role_has_permissions`
--

LOCK TABLES `role_has_permissions` WRITE;
/*!40000 ALTER TABLE `role_has_permissions` DISABLE KEYS */;
INSERT INTO `role_has_permissions` VALUES (1,1),(2,1),(2,2);
/*!40000 ALTER TABLE `role_has_permissions` ENABLE KEYS */;
UNLOCK TABLES;

--
-- Table structure for table `roles`
--

DROP TABLE IF EXISTS `roles`;
/*!40101 SET @saved_cs_client     = @@character_set_client */;
/*!50503 SET character_set_client = utf8mb4 */;
CREATE TABLE `roles` (
  `id` bigint unsigned NOT NULL AUTO_INCREMENT,
  `name` varchar(255) CHARACTER SET utf8mb4 COLLATE utf8mb4_unicode_ci NOT NULL,
  `guard_name` varchar(255) CHARACTER SET utf8mb4 COLLATE utf8mb4_unicode_ci NOT NULL,
  `created_at` timestamp NULL DEFAULT NULL,
  `updated_at` timestamp NULL DEFAULT NULL,
  PRIMARY KEY (`id`),
  UNIQUE KEY `roles_name_guard_name_unique` (`name`,`guard_name`)
) ENGINE=InnoDB AUTO_INCREMENT=3 DEFAULT CHARSET=utf8mb4 COLLATE=utf8mb4_unicode_ci;
/*!40101 SET character_set_client = @saved_cs_client */;

--
-- Dumping data for table `roles`
--

LOCK TABLES `roles` WRITE;
/*!40000 ALTER TABLE `roles` DISABLE KEYS */;
INSERT INTO `roles` VALUES (1,'administrator','web','2023-06-09 02:53:46','2023-06-09 02:53:46'),(2,'create_project','web','2023-06-09 02:53:46','2023-06-09 02:53:46');
/*!40000 ALTER TABLE `roles` ENABLE KEYS */;
UNLOCK TABLES;

--
-- Table structure for table `sections`
--

DROP TABLE IF EXISTS `sections`;
/*!40101 SET @saved_cs_client     = @@character_set_client */;
/*!50503 SET character_set_client = utf8mb4 */;
CREATE TABLE `sections` (
  `id` int unsigned NOT NULL AUTO_INCREMENT,
  `title` varchar(255) CHARACTER SET utf8mb4 COLLATE utf8mb4_unicode_ci NOT NULL,
  `sub_title` varchar(255) CHARACTER SET utf8mb4 COLLATE utf8mb4_unicode_ci DEFAULT NULL,
  `description` text CHARACTER SET utf8mb4 COLLATE utf8mb4_unicode_ci,
  `id_priority` int DEFAULT NULL,
  `active` tinyint(1) DEFAULT '1',
  `page_id` bigint unsigned DEFAULT NULL,
  `theme_id` int unsigned DEFAULT NULL,
  `created_at` timestamp NULL DEFAULT NULL,
  `updated_at` timestamp NULL DEFAULT NULL,
  PRIMARY KEY (`id`),
  KEY `sections_page_id_foreign` (`page_id`),
  KEY `sections_theme_id_foreign` (`theme_id`),
  CONSTRAINT `sections_page_id_foreign` FOREIGN KEY (`page_id`) REFERENCES `pages` (`id`) ON DELETE CASCADE,
  CONSTRAINT `sections_theme_id_foreign` FOREIGN KEY (`theme_id`) REFERENCES `themes` (`id`) ON DELETE CASCADE
) ENGINE=InnoDB AUTO_INCREMENT=25 DEFAULT CHARSET=utf8mb4 COLLATE=utf8mb4_unicode_ci;
/*!40101 SET character_set_client = @saved_cs_client */;

--
-- Dumping data for table `sections`
--

LOCK TABLES `sections` WRITE;
/*!40000 ALTER TABLE `sections` DISABLE KEYS */;
INSERT INTO `sections` VALUES (13,'title1719387247','sub_title1719387247','description1719387247',1,1,16,2,'2024-06-26 07:34:07','2024-06-27 02:59:49'),(14,'title1719387676','sub_title1719387676','description1719387676',0,1,16,1,'2024-06-26 07:41:16','2024-06-27 02:32:34'),(15,'title1719456042','sub_title1719456042','description1719456042',2,1,16,3,'2024-06-27 02:40:42','2024-06-27 02:59:49'),(16,'title1719456568','sub_title1719456568','description1719456568',3,1,16,4,'2024-06-27 02:49:28','2024-06-27 02:59:47'),(17,'title1719457033','sub_title1719457033','description1719457033',5,1,16,5,'2024-06-27 02:57:13','2024-07-06 02:25:49'),(18,'title1719457163','sub_title1719457163','description1719457163',4,1,16,6,'2024-06-27 02:59:23','2024-07-06 02:25:49'),(19,'title1719459436','sub_title1719459436','description1719459436',0,0,22,10,'2024-06-27 03:37:16','2024-07-06 02:19:41'),(20,'title1719461916','sub_title1719461916','description1719461916',2,1,22,9,'2024-06-27 04:18:36','2024-07-06 02:19:41'),(21,'title1719462456','sub_title1719462456','description1719462456',1,1,22,13,'2024-06-27 04:27:36','2024-07-06 02:19:41'),(23,'title1719470119','sub_title1719470119','description1719470119',NULL,1,20,11,'2024-06-27 06:35:19','2024-06-27 06:35:19'),(24,'title1719470337','sub_title1719470337','description1719470337',NULL,1,20,12,'2024-06-27 06:38:57','2024-06-27 06:38:57');
/*!40000 ALTER TABLE `sections` ENABLE KEYS */;
UNLOCK TABLES;

--
-- Table structure for table `sessions`
--

DROP TABLE IF EXISTS `sessions`;
/*!40101 SET @saved_cs_client     = @@character_set_client */;
/*!50503 SET character_set_client = utf8mb4 */;
CREATE TABLE `sessions` (
  `id` varchar(255) CHARACTER SET utf8mb4 COLLATE utf8mb4_unicode_ci NOT NULL,
  `user_id` bigint unsigned DEFAULT NULL,
  `ip_address` varchar(45) CHARACTER SET utf8mb4 COLLATE utf8mb4_unicode_ci DEFAULT NULL,
  `user_agent` text CHARACTER SET utf8mb4 COLLATE utf8mb4_unicode_ci,
  `payload` text CHARACTER SET utf8mb4 COLLATE utf8mb4_unicode_ci NOT NULL,
  `last_activity` int NOT NULL,
  PRIMARY KEY (`id`),
  KEY `sessions_user_id_index` (`user_id`),
  KEY `sessions_last_activity_index` (`last_activity`)
) ENGINE=InnoDB DEFAULT CHARSET=utf8mb4 COLLATE=utf8mb4_unicode_ci;
/*!40101 SET character_set_client = @saved_cs_client */;

--
-- Dumping data for table `sessions`
--

LOCK TABLES `sessions` WRITE;
/*!40000 ALTER TABLE `sessions` DISABLE KEYS */;
INSERT INTO `sessions` VALUES ('x8m7CtegVXE4PsAW2KxIW5F8WwcXGfrjMUy6zGN6',1,'127.0.0.1','Mozilla/5.0 (Windows NT 10.0; Win64; x64) AppleWebKit/537.36 (KHTML, like Gecko) Chrome/123.0.0.0 Safari/537.36','YTo1OntzOjY6Il90b2tlbiI7czo0MDoiVThhYjExZWh5ckJXTm03QjBBZERRQmRtR1ZQUHQxUk4zREpNZ1V4RSI7czo5OiJfcHJldmlvdXMiO2E6MTp7czozOiJ1cmwiO3M6Mjc6Imh0dHA6Ly8xMjcuMC4wLjE6ODAwMC9pbmRleCI7fXM6NjoiX2ZsYXNoIjthOjI6e3M6Mzoib2xkIjthOjA6e31zOjM6Im5ldyI7YTowOnt9fXM6NTA6ImxvZ2luX3dlYl81OWJhMzZhZGRjMmIyZjk0MDE1ODBmMDE0YzdmNThlYTRlMzA5ODlkIjtpOjE7czo2OiJsb2NhbGUiO3M6MjoiZW4iO30=',1713868961);
/*!40000 ALTER TABLE `sessions` ENABLE KEYS */;
UNLOCK TABLES;

--
-- Table structure for table `settings`
--

DROP TABLE IF EXISTS `settings`;
/*!40101 SET @saved_cs_client     = @@character_set_client */;
/*!50503 SET character_set_client = utf8mb4 */;
CREATE TABLE `settings` (
  `id` bigint unsigned NOT NULL AUTO_INCREMENT,
  `phone` varchar(255) CHARACTER SET utf8mb4 COLLATE utf8mb4_unicode_ci DEFAULT NULL,
  `email` varchar(255) CHARACTER SET utf8mb4 COLLATE utf8mb4_unicode_ci DEFAULT NULL,
  `address` varchar(255) CHARACTER SET utf8mb4 COLLATE utf8mb4_unicode_ci DEFAULT NULL,
  `time` varchar(255) CHARACTER SET utf8mb4 COLLATE utf8mb4_unicode_ci DEFAULT NULL,
  `created_at` timestamp NULL DEFAULT NULL,
  `updated_at` timestamp NULL DEFAULT NULL,
  PRIMARY KEY (`id`)
) ENGINE=InnoDB AUTO_INCREMENT=2 DEFAULT CHARSET=utf8mb4 COLLATE=utf8mb4_unicode_ci;
/*!40101 SET character_set_client = @saved_cs_client */;

--
-- Dumping data for table `settings`
--

LOCK TABLES `settings` WRITE;
/*!40000 ALTER TABLE `settings` DISABLE KEYS */;
INSERT INTO `settings` VALUES (1,'0336555879','ngantgmal.com','Số 21, ngõ 12, Đào Tấn, Ba Đình, Hà Nội','08:00 - 21:00',NULL,'2024-04-16 01:27:08');
/*!40000 ALTER TABLE `settings` ENABLE KEYS */;
UNLOCK TABLES;

--
-- Table structure for table `tag_new`
--

DROP TABLE IF EXISTS `tag_new`;
/*!40101 SET @saved_cs_client     = @@character_set_client */;
/*!50503 SET character_set_client = utf8mb4 */;
CREATE TABLE `tag_new` (
  `id` bigint unsigned NOT NULL AUTO_INCREMENT,
  `new_id` int unsigned DEFAULT NULL,
  `tag_id` bigint unsigned DEFAULT NULL,
  `created_at` timestamp NULL DEFAULT NULL,
  `updated_at` timestamp NULL DEFAULT NULL,
  PRIMARY KEY (`id`),
  KEY `tag_new_new_id_foreign` (`new_id`),
  KEY `tag_new_tag_id_foreign` (`tag_id`),
  CONSTRAINT `tag_new_new_id_foreign` FOREIGN KEY (`new_id`) REFERENCES `news` (`id`) ON DELETE CASCADE,
  CONSTRAINT `tag_new_tag_id_foreign` FOREIGN KEY (`tag_id`) REFERENCES `tags` (`id`) ON DELETE CASCADE
) ENGINE=InnoDB AUTO_INCREMENT=4 DEFAULT CHARSET=utf8mb4 COLLATE=utf8mb4_unicode_ci;
/*!40101 SET character_set_client = @saved_cs_client */;

--
-- Dumping data for table `tag_new`
--

LOCK TABLES `tag_new` WRITE;
/*!40000 ALTER TABLE `tag_new` DISABLE KEYS */;
INSERT INTO `tag_new` VALUES (2,2,1,NULL,NULL),(3,3,1,NULL,NULL);
/*!40000 ALTER TABLE `tag_new` ENABLE KEYS */;
UNLOCK TABLES;

--
-- Table structure for table `tags`
--

DROP TABLE IF EXISTS `tags`;
/*!40101 SET @saved_cs_client     = @@character_set_client */;
/*!50503 SET character_set_client = utf8mb4 */;
CREATE TABLE `tags` (
  `id` bigint unsigned NOT NULL AUTO_INCREMENT,
  `name` varchar(255) CHARACTER SET utf8mb4 COLLATE utf8mb4_unicode_ci DEFAULT NULL,
  `slug` varchar(255) CHARACTER SET utf8mb4 COLLATE utf8mb4_unicode_ci DEFAULT NULL,
  `created_at` timestamp NULL DEFAULT NULL,
  `updated_at` timestamp NULL DEFAULT NULL,
  PRIMARY KEY (`id`)
) ENGINE=InnoDB AUTO_INCREMENT=2 DEFAULT CHARSET=utf8mb4 COLLATE=utf8mb4_unicode_ci;
/*!40101 SET character_set_client = @saved_cs_client */;

--
-- Dumping data for table `tags`
--

LOCK TABLES `tags` WRITE;
/*!40000 ALTER TABLE `tags` DISABLE KEYS */;
INSERT INTO `tags` VALUES (1,'news','news','2024-04-17 00:41:52','2024-04-17 00:41:52');
/*!40000 ALTER TABLE `tags` ENABLE KEYS */;
UNLOCK TABLES;

--
-- Table structure for table `themes`
--

DROP TABLE IF EXISTS `themes`;
/*!40101 SET @saved_cs_client     = @@character_set_client */;
/*!50503 SET character_set_client = utf8mb4 */;
CREATE TABLE `themes` (
  `id` int unsigned NOT NULL AUTO_INCREMENT,
  `title` varchar(255) CHARACTER SET utf8mb4 COLLATE utf8mb4_unicode_ci DEFAULT NULL,
  `image_template` varchar(255) CHARACTER SET utf8mb4 COLLATE utf8mb4_unicode_ci DEFAULT NULL,
  `link_code` varchar(255) CHARACTER SET utf8mb4 COLLATE utf8mb4_unicode_ci NOT NULL,
  `type` tinyint NOT NULL DEFAULT '0',
  `created_at` timestamp NULL DEFAULT NULL,
  `updated_at` timestamp NULL DEFAULT NULL,
  PRIMARY KEY (`id`),
  UNIQUE KEY `themes_title_unique` (`title`)
) ENGINE=InnoDB AUTO_INCREMENT=26 DEFAULT CHARSET=utf8mb4 COLLATE=utf8mb4_unicode_ci;
/*!40101 SET character_set_client = @saved_cs_client */;

--
-- Dumping data for table `themes`
--

LOCK TABLES `themes` WRITE;
/*!40000 ALTER TABLE `themes` DISABLE KEYS */;
INSERT INTO `themes` VALUES (1,'video intro','images/theme/16575304261_video-intropng.PNG','template.video-intro',0,'2023-06-09 02:53:46',NULL),(2,'intro','images/theme/16575304851_intropng.PNG','template.intro',0,'2023-06-09 02:53:46',NULL),(3,'Holomia Overview','images/theme/16575305521_holomia-overviewpng.PNG','template.overview',0,'2023-06-09 02:53:46',NULL),(4,'View project','images/theme/16575306151_view-projectpng.PNG','template.view-project',0,'2023-06-09 02:53:46',NULL),(5,'Last News','images/theme/16575307301_last-newpng.PNG','template.last-new',0,'2023-06-09 02:53:46',NULL),(6,'Vison','images/theme/16575307661_visionpng.PNG','template.vision-holomia',0,'2023-06-09 02:53:46',NULL),(7,'Our Team','images/theme/16575307991_our-teampng.PNG','template.our-team',0,'2023-06-09 02:53:46',NULL),(8,'imersive_about','images/theme/16576006781_imersive-aboutpng.PNG','template.imersive_about',0,'2023-06-09 02:53:46',NULL),(9,'holomia event','images/theme/16576007131_holmia-eventpng.PNG','template.holomia_event',0,'2023-06-09 02:53:46',NULL),(10,'about us','images/theme/16576837001_about-uspng.PNG','template.about_us',0,'2023-06-09 02:53:46',NULL),(11,'contact_detail','images/theme/16576837711_contact-detailpng.PNG','template.contact_detail',0,'2023-06-09 02:53:46',NULL),(12,'contact-form','images/theme/16581128031_contact-formpng.PNG','template.contact-form',0,'2023-06-09 02:53:46',NULL),(13,'holomia news','images/theme/16581131731_holomia-newspng.PNG','template.holomia-news',0,'2023-06-09 02:53:46',NULL);
/*!40000 ALTER TABLE `themes` ENABLE KEYS */;
UNLOCK TABLES;

--
-- Table structure for table `users`
--

DROP TABLE IF EXISTS `users`;
/*!40101 SET @saved_cs_client     = @@character_set_client */;
/*!50503 SET character_set_client = utf8mb4 */;
CREATE TABLE `users` (
  `id` bigint unsigned NOT NULL AUTO_INCREMENT,
  `name` varchar(255) CHARACTER SET utf8mb4 COLLATE utf8mb4_unicode_ci NOT NULL,
  `email` varchar(255) CHARACTER SET utf8mb4 COLLATE utf8mb4_unicode_ci NOT NULL,
  `email_verified_at` timestamp NULL DEFAULT NULL,
  `password` varchar(255) CHARACTER SET utf8mb4 COLLATE utf8mb4_unicode_ci NOT NULL,
  `remember_token` varchar(100) CHARACTER SET utf8mb4 COLLATE utf8mb4_unicode_ci DEFAULT NULL,
  `created_at` timestamp NULL DEFAULT NULL,
  `updated_at` timestamp NULL DEFAULT NULL,
  PRIMARY KEY (`id`),
  UNIQUE KEY `users_email_unique` (`email`)
) ENGINE=InnoDB AUTO_INCREMENT=2 DEFAULT CHARSET=utf8mb4 COLLATE=utf8mb4_unicode_ci;
/*!40101 SET character_set_client = @saved_cs_client */;

--
-- Dumping data for table `users`
--

LOCK TABLES `users` WRITE;
/*!40000 ALTER TABLE `users` DISABLE KEYS */;
INSERT INTO `users` VALUES (1,'Admin','admin@holomia.com',NULL,'$2y$10$wdPA2GvdxN5OUOdlaPVzqu3BjDpodnzxPLhg2dn8BLu6IR1hDbGaa',NULL,'2023-06-09 02:53:46','2023-06-09 02:53:46');
/*!40000 ALTER TABLE `users` ENABLE KEYS */;
UNLOCK TABLES;
/*!40103 SET TIME_ZONE=@OLD_TIME_ZONE */;

/*!40101 SET SQL_MODE=@OLD_SQL_MODE */;
/*!40014 SET FOREIGN_KEY_CHECKS=@OLD_FOREIGN_KEY_CHECKS */;
/*!40014 SET UNIQUE_CHECKS=@OLD_UNIQUE_CHECKS */;
/*!40101 SET CHARACTER_SET_CLIENT=@OLD_CHARACTER_SET_CLIENT */;
/*!40101 SET CHARACTER_SET_RESULTS=@OLD_CHARACTER_SET_RESULTS */;
/*!40101 SET COLLATION_CONNECTION=@OLD_COLLATION_CONNECTION */;
/*!40111 SET SQL_NOTES=@OLD_SQL_NOTES */;

-- Dump completed on 2024-07-08  1:45:43
